id,creationDate,lastUpdateDate,createdBy,lastUpdatedBy,sessionID,preregistered,status,speaker,title,sessionType,length,date_,time_,room,cost
1,2017-12-21T23:25:28,2017-12-21T23:25:28,sherry.yu@oracle.com,sherry.yu@oracle.com,UGF7875,279.0,3,3,Massage workshop,1,45.0,2017-09-18T00:00:00,T08:00:00,1,$5000
2,2017-12-21T23:25:28,2017-12-21T23:25:28,sherry.yu@oracle.com,sherry.yu@oracle.com,UGF2025,247.0,3,4,Telling dad jokes,2,45.0,2017-09-19T00:00:00,T09:00:00,1,$2500
3,2017-12-21T23:25:28,2017-12-21T23:25:28,sherry.yu@oracle.com,sherry.yu@oracle.com,UGF6075,47.0,3,1,Hide and seek: the hiding bit,2,45.0,2017-09-20T00:00:00,T10:00:00,2,$200
4,2017-12-21T23:25:28,2017-12-21T23:25:28,sherry.yu@oracle.com,sherry.yu@oracle.com,UGF5641,53.0,3,5,Writing wizardy books,1,45.0,2017-09-21T00:00:00,T11:00:00,2,$567
5,2017-12-21T23:25:28,2017-12-21T23:25:28,sherry.yu@oracle.com,sherry.yu@oracle.com,UGF6169,7.0,3,3,A brief history of massage,2,45.0,2017-09-22T00:00:00,T12:00:00,3,$568
6,2017-12-21T23:25:28,2017-12-21T23:25:28,sherry.yu@oracle.com,sherry.yu@oracle.com,UGF6149,49.0,2,2,The top ten rules of a detective,2,45.0,2017-09-23T00:00:00,T13:00:00,1,$569
7,2017-12-21T23:25:28,2017-12-21T23:25:28,sherry.yu@oracle.com,sherry.yu@oracle.com,UGF2710,61.0,3,5,Writing wizardy books part 2,1,45.0,2017-09-24T00:00:00,T14:00:00,3,$570
8,2017-12-21T23:25:28,2017-12-21T23:25:28,sherry.yu@oracle.com,sherry.yu@oracle.com,UGF1169,20.0,3,4,Telling blue jokes that won't upset grandma too much,2,45.0,2017-09-25T00:00:00,T15:00:00,2,$571
9,2017-12-21T23:25:28,2017-12-21T23:25:28,sherry.yu@oracle.com,sherry.yu@oracle.com,UGF7877,160.0,3,1,Hide and seek: what to do if no-one finds you,2,45.0,2017-09-26T00:00:00,T16:00:00,2,$572
10,2017-12-21T23:25:28,2017-12-21T23:25:28,sherry.yu@oracle.com,sherry.yu@oracle.com,UGF3081,14.0,3,3,Massage in a bottle: massage oils explained,2,45.0,2017-09-27T00:00:00,T17:00:00,1,$573
