id,creationDate,lastUpdateDate,createdBy,lastUpdatedBy,name,specialism
1,2017-12-21T23:25:28,2017-12-21T23:25:28,sherry.yu@oracle.com,sherry.yu@oracle.com,John Smith,Hiding
2,2017-12-21T23:25:28,2017-12-21T23:25:28,sherry.yu@oracle.com,sherry.yu@oracle.com,Nancy Drew,Detecting
3,2017-12-21T23:25:28,2017-12-21T23:25:28,sherry.yu@oracle.com,sherry.yu@oracle.com,Bruce Muscles,Massage
4,2017-12-21T23:25:28,2017-12-21T23:25:28,sherry.yu@oracle.com,sherry.yu@oracle.com,Bob Monkhouse,Ancient Comedy
5,2017-12-21T23:25:28,2017-12-21T23:25:28,sherry.yu@oracle.com,sherry.yu@oracle.com,J K Rowling,Writing
