{
    "flowModelVersion": "18.2.3",
    "id": "admin",
    "description": "Flow main",
    "defaultPage": "admin-start",
    "chains": {},
    "services": {},
    "types": {
        "getallExpenseReportResponse": {
            "items": [
                {
                    "id": "number",
                    "name": "string",
                    "amount": "number"
                }
            ]
        },
        "@decorators.getallExpenseReportResponse": {
            "endpoint": "getall_ExpenseReport",
            "service": "businessObjects",
            "path": "response"
        }
      },
    "variables": {}
}