{
    "fields": [
        {
            "hidden": false,
            "id": "id",
            "internal": true,
            "key": true,
            "oid": "6d1d3b8a-2c7e-4466-aea9-d9f214f084d2",
            "required": true,
            "singularName": "Id",
            "type": "number",
            "unique": true
        },
        {
            "hidden": false,
            "id": "creationDate",
            "internal": true,
            "key": false,
            "oid": "01787f81-4b51-494a-94e6-a164c28b55f5",
            "singularName": "Creation Date",
            "type": "datetime"
        },
        {
            "hidden": false,
            "id": "lastUpdateDate",
            "internal": true,
            "key": false,
            "oid": "66f397fe-ca0d-4c16-a9a0-981f6a5178a7",
            "singularName": "Last Update Date",
            "type": "datetime"
        },
        {
            "hidden": false,
            "id": "createdBy",
            "internal": true,
            "key": false,
            "oid": "31d7e338-1567-4aeb-b87b-28ec6a862533",
            "singularName": "Created By",
            "type": "string"
        },
        {
            "hidden": false,
            "id": "lastUpdatedBy",
            "internal": true,
            "key": false,
            "oid": "7d3c8310-52e3-48d1-926a-c128f9ddbe41",
            "singularName": "Last Updated By",
            "type": "string"
        },
        {
            "hidden": true,
            "id": "abcsChangeNumber",
            "internal": true,
            "key": false,
            "oid": "f129a935-455c-434b-9b43-fe42946253c6",
            "singularName": "Update ID",
            "type": "number"
        },
        {
            "id": "roomName",
            "oid": "9adc19d6-6e5a-47a1-9f18-97318568bd8f",
            "singularName": "Room Name",
            "type": "string"
        },
        {
            "id": "floor",
            "oid": "d8fdc009-6c7a-4207-8782-17e55e2d7b9e",
            "singularName": "Floor",
            "type": "number"
        },
        {
            "id": "capacity",
            "oid": "1554a68c-5283-4d7e-b824-21871a8564c7",
            "singularName": "Capacity",
            "type": "number"
        }
    ],
    "hidden": false,
    "id": "Rooms",
    "oid": "36518375-c093-428f-9739-bd536b907b0d",
    "singularName": "Rooms"
}