{
  "pageModelVersion": "19.4.3",
  "title": "",
  "description": "",
  "variables": {
    "employee": {
      "type": "create_Employee"
    },
    "employeeListSDP": {
      "type": "vb/ServiceDataProvider",
      "defaultValue": {
        "endpoint": "businessObjects/getall_Employee",
        "idAttribute": "id",
        "itemsPath": "items",
        "responseType": "page:getallEmployeeResponse"
      }
    }
  },
  "metadata": {},
  "types": {
    "@decorators.create_Employee": {
      "endpoint": "create_Employee",
      "service": "businessObjects",
      "path": "request"
    },
    "create_Employee": {
      "email": "string",
      "firstName": "string",
      "lastName": "string"
    },
    "getallEmployeeResponse": {
      "items": [
        {
          "email": "string",
          "firstName": "string",
          "id": "number",
          "lastName": "string"
        }
      ]
    },
    "@decorators.getallEmployeeResponse": {
      "endpoint": "getall_Employee",
      "service": "businessObjects",
      "path": "response"
    }
  },
  "chains": {
    "handleValidateClickChain": {
      "description": "",
      "variables": {
        "detail": {
          "required": true,
          "type": "any",
          "input": "fromCaller"
        }
      },
      "root": "validateForm",
      "actions": {
        "validateForm": {
          "module": "vb/action/builtin/callModuleFunctionAction",
          "parameters": {
            "module": "[[ $page.functions ]]",
            "functionName": "isFormValid",
            "returnType": "boolean"
          },
          "outcomes": {
            "success": "ifValid"
          }
        },
        "ifValid": {
          "module": "vb/action/builtin/ifAction",
          "parameters": {
            "condition": "[[ $chain.results.validateForm ]]"
          },
          "outcomes": {
            "false": "fireFailureNotification",
            "true": "fireSuccessNotification"
          }
        },
        "fireFailureNotification": {
          "module": "vb/action/builtin/fireNotificationEventAction",
          "parameters": {
            "target": "leaf",
            "summary": "Please fix the errors in the form",
            "message": "Invalid data provided",
            "displayMode": "transient",
            "type": "error"
          }
        },
        "fireSuccessNotification": {
          "module": "vb/action/builtin/fireNotificationEventAction",
          "parameters": {
            "target": "leaf",
            "message": "Form is valid",
            "displayMode": "transient",
            "type": "confirmation",
            "summary": "Details entered are valid"
          },
          "outcomes": {}
        }
      }
    }
  },
  "eventListeners": {
    "validateHandler": {
      "chains": [
        {
          "chainId": "handleValidateClickChain",
          "parameters": {
            "detail": "{{ $event.detail }}"
          }
        }
      ]
    }
  },
  "imports": {
    "components": {
      "oj-validation-group": {
        "path": "ojs/ojvalidationgroup"
      },
      "oj-form-layout": {
        "path": "ojs/ojformlayout"
      },
      "oj-input-text": {
        "path": "ojs/ojinputtext"
      },
      "oj-toolbar": {
        "path": "ojs/ojtoolbar"
      },
      "oj-button": {
        "path": "ojs/ojbutton"
      },
      "oj-table": {
        "path": "ojs/ojtable"
      }
    }
  }
}