{
    "fields": [
        {
            "id": "id",
            "internal": true,
            "key": true,
            "oid": "9cbfd1fc-8d68-4722-ac6f-b40d6cd3ea20",
            "required": true,
            "singularName": "Id",
            "type": "number",
            "unique": true
        },
        {
            "id": "creationDate",
            "internal": true,
            "oid": "8bfc088e-c4ee-42e7-a633-9652dcbdee5c",
            "singularName": "Created",
            "type": "datetime"
        },
        {
            "id": "lastUpdateDate",
            "internal": true,
            "oid": "6edf6720-d70d-4692-aa90-e6cc4f38c4f0",
            "singularName": "Last Updated",
            "type": "datetime"
        },
        {
            "id": "createdBy",
            "internal": true,
            "oid": "4477ea83-d284-422e-82cd-f06e8a159c84",
            "singularName": "Created By",
            "type": "string"
        },
        {
            "id": "lastUpdatedBy",
            "internal": true,
            "oid": "8b5816d6-5ed6-4c83-9db3-d9fafdfb9774",
            "singularName": "Last Updated By",
            "type": "string"
        },
        {
            "hidden": true,
            "id": "abcsChangeNumber",
            "internal": true,
            "oid": "52a935c7-e414-49c6-9612-cf5011b4367d",
            "singularName": "<internal>",
            "type": "number"
        },
        {
            "id": "firstname",
            "oid": "205f893d-68a2-43fb-a32e-4248d37e5f32",
            "singularName": "firstname",
            "type": "string"
        },
        {
            "id": "lastname",
            "oid": "5aa41949-6320-4c0a-a210-c835f618ee40",
            "singularName": "lastname",
            "type": "string"
        },
        {
            "id": "email",
            "oid": "4df2f5e5-53ce-4afb-b60b-1ea93861cc23",
            "singularName": "email",
            "type": "string"
        },
        {
            "id": "phone",
            "oid": "ada62063-8d56-4d6a-a339-e1baa37d747d",
            "singularName": "phone",
            "type": "string"
        },
        {
            "id": "birthday",
            "oid": "075bcaf3-1a45-4774-ae2c-1b54ee3d7dd2",
            "singularName": "birthday",
            "type": "date"
        },
        {
            "id": "notes",
            "oid": "b0834365-1f1a-43b4-a84e-7b646d209d85",
            "singularName": "notes",
            "type": "string"
        }
    ],
    "id": "Contact",
    "oid": "24de8cb1-eff2-485e-b7f9-c5a98ce88e93",
    "singularName": "Contact"
}