{
  "pageModelVersion": "18.2.3",
  "title": "Edit Expense Report",
  "description": "Updates single ExpenseReport record",
  "variables": {
    "expenseReportRecord": {
      "type": "flow:updateExpenseReportRequest"
    },
    "expenseReportId": {
      "type": "string",
      "required": true,
      "input": "fromUrl"
    },
    "countryListServiceDataProvider": {
      "type": "vb/ServiceDataProvider",
      "defaultValue": {
        "endpoint": "businessObjects/getall_Country",
        "idAttribute": "id",
        "itemsPath": "items",
        "responseType": "flow:getallCountryResponse2",
        "uriParameters": {}
      }
    },
    "lineItemListServiceDataProvider": {
      "type": "vb/ServiceDataProvider",
      "defaultValue": {
        "endpoint": "businessObjects/getall_LineItem",
        "idAttribute": "id",
        "itemsPath": "items",
        "responseType": "flow:getallLineItemResponse",
        "filterCriterion": {
          "op": "{{ \"$or\" }}",
          "criteria": [
            {
              "attribute": "{{ \"expenseReport\" }}",
              "op": "{{ \"$eq\" }}",
              "value": "{{ $page.variables.expenseReportId }}"
            }
          ]
        }
      }
    },
    "newLineItem": {
      "type": "page:create_LineItem",
      "defaultValue": {
        "expenseReport": "{{$page.variables.expenseReportId}}"
      }
    },
    "tasks": {
      "type": "page:getTaskCollection"
    }
  },
  "types": {
    "@decorators.create_LineItem": {
      "endpoint": "create_LineItem",
      "service": "businessObjects",
      "path": "request"
    },
    "create_LineItem": {
      "expenseReport": "number",
      "name": "string",
      "amount": "number"
    },
    "@decorators.getTaskCollection": {
      "endpoint": "getTaskCollection",
      "service": "oracle.vb.internal.service.integration.process",
      "path": "response"
    },
    "getTaskCollection": {
      "totalResults": "number",
      "offset": "number",
      "count": "number",
      "hasMore": "boolean",
      "limit": "number",
      "items": [
        {
          "links": [
            {
              "rel": "string",
              "href": "string"
            }
          ],
          "id": "string",
          "label": "string",
          "assignedDate": "string",
          "creationUser": "string",
          "processInstance": {
            "id": "string",
            "label": "string"
          },
          "description": "string",
          "state": "string",
          "deployedProcess": {
            "id": "string",
            "label": "string",
            "aliases": "string[]"
          },
          "creationDate": "string",
          "priority": "number",
          "actions": [
            {
              "id": "string",
              "label": "string",
              "actionId": "string",
              "type": "string",
              "taskId": "string"
            }
          ]
        }
      ]
    }
  },
  "chains": {
    "goBackChain": {
      "root": "navigateBack",
      "actions": {
        "navigateBack": {
          "module": "vb/action/builtin/navigateBackAction",
          "outcomes": {
            "success": ""
          }
        }
      }
    },
    "loadExpenseReportChain": {
      "root": "loadExpenseReport",
      "actions": {
        "loadExpenseReport": {
          "module": "vb/action/builtin/restAction",
          "parameters": {
            "endpoint": "businessObjects/get_ExpenseReport",
            "uriParams": {
              "ExpenseReport_Id": "{{ $page.variables.expenseReportId }}"
            }
          },
          "outcomes": {
            "success": "assignPayload",
            "failure": "fireErrorNotification"
          }
        },
        "assignPayload": {
          "module": "vb/action/builtin/assignVariablesAction",
          "parameters": {
            "$page.variables.expenseReportRecord": {
              "source": "{{ $chain.results.loadExpenseReport.body }}"
            }
          },
          "outcomes": {
            "success": "getTaskCollection1"
      }
        },
        "fireErrorNotification": {
          "module": "vb/action/builtin/fireNotificationEventAction",
          "parameters": {
            "message": "{{ 'Could not load data: status ' + $chain.results.loadExpenseReport.payload.status }}",
            "type": "error",
            "displayMode": "persist"
          },
          "outcomes": {}
        },
        "getTaskCollection1": {
          "module": "vb/extensions/process/action/builtin/getTaskCollectionAction",
          "parameters": {
            "alias": [
              "{{ \"ExpenseApproval\" }}"
            ],
            "processInstanceId": [
              "{{ $page.variables.expenseReportRecord.processDefId }}"
            ]
          },
          "outcomes": {
            "success": "assignVariables1"
          }
        },
        "assignVariables1": {
          "module": "vb/action/builtin/assignVariablesAction",
          "parameters": {
            "$page.variables.tasks": {
              "source": "{{ $chain.results.getTaskCollection1.content }}"
            }
          }
        }
      }
    },
    "saveExpenseReportChain": {
      "variables": {
        "saveFailureResult": {
          "type": "flow:businessObjectServiceErrorResponseType"
        },
        "errorMessage": {
          "type": "string"
        }
      },
      "root": "saveExpenseReport",
      "actions": {
        "saveExpenseReport": {
          "module": "vb/action/builtin/restAction",
          "parameters": {
            "endpoint": "businessObjects/update_ExpenseReport",
            "body": "{{ $page.variables.expenseReportRecord }}",
            "requestType": "json",
            "uriParams": {
              "ExpenseReport_Id": "{{ $page.variables.expenseReportId }}"
            }
          },
          "outcomes": {
            "success": "assignPayload",
            "failure": "assignFailureResult"
          }
        },
        "assignPayload": {
          "module": "vb/action/builtin/assignVariablesAction",
          "parameters": {
            "$page.variables.expenseReportRecord": {
              "source": "{{ $chain.results.saveExpenseReport.body }}"
            }
          },
          "outcomes": {
            "success": "fireSuccessNotification"
          }
        },
        "fireSuccessNotification": {
          "module": "vb/action/builtin/fireNotificationEventAction",
          "parameters": {
            "message": "ExpenseReport record successfully updated",
            "type": "confirmation",
            "displayMode": "transient"
          },
          "outcomes": {
            "success": "callGoBackChain"
          }
        },
        "callGoBackChain": {
          "module": "vb/action/builtin/callChainAction",
          "parameters": {
            "id": "goBackChain"
          }
        },
        "assignFailureResult": {
          "module": "vb/action/builtin/assignVariablesAction",
          "parameters": {
            "$chain.variables.saveFailureResult": {
              "source": "[[ $chain.results.saveExpenseReport.payload ]]",
              "mapping": {
                "$target": "$source",
                "$target.body.o_errorDetails": {
                  "source": "$source.body['o:errorDetails'] || []",
                  "mapping": {
                    "$target.o_errorCode": "$source['o:errorCode']",
                    "$target.detail": "$source.detail"
                  }
                }
              }
            }
          },
          "outcomes": {
            "success": "testFailureDetails"
          }
        },
        "testFailureDetails": {
          "module": "vb/action/builtin/ifAction",
          "outcomes": {
            "true": "handleDetailedErrorMessage",
            "false": "handleDefaultErrorMessage"
          },
          "parameters": {
            "condition": "[[ $chain.variables.saveFailureResult.body.o_errorDetails[0] ]]"
          }
        },
        "handleDetailedErrorMessage": {
          "module": "vb/action/builtin/assignVariablesAction",
          "outcomes": {
            "success": "fireErrorNotification"
          },
          "parameters": {
            "$chain.variables.errorMessage": {
              "source": "[[ $chain.variables.saveFailureResult.body.o_errorDetails[0].detail ]]"
            }
          }
        },
        "handleDefaultErrorMessage": {
          "module": "vb/action/builtin/assignVariablesAction",
          "outcomes": {
            "success": "fireErrorNotification"
          },
          "parameters": {
            "$chain.variables.errorMessage": {
              "source": "[[ 'Could not update ExpenseReport: status ' + $chain.results.saveExpenseReport.payload.status ]]"
            }
          }
        },
        "fireErrorNotification": {
          "module": "vb/action/builtin/fireNotificationEventAction",
          "parameters": {
            "message": "[[ $chain.variables.errorMessage ]]",
            "type": "error",
            "displayMode": "persist"
          }
        }
      }
    },
    "ButtonClickAction": {
      "description": "",
      "variables": {
        "detail": {
          "required": true,
          "type": "any",
          "input": "fromCaller"
        }
      },
      "root": "createLineItem",
      "actions": {
        "createLineItem": {
          "module": "vb/action/builtin/restAction",
          "parameters": {
            "endpoint": "businessObjects/create_LineItem",
            "body": "{{ $page.variables.newLineItem }}"
          },
          "outcomes": {
            "success": "refreshLineItems"
          }
        },
        "refreshLineItems": {
          "module": "vb/action/builtin/fireDataProviderEventAction",
          "parameters": {
            "refresh": null,
            "target": "{{ $page.variables.lineItemListServiceDataProvider }}"
          },
          "outcomes": {
            "success": "resetNewLineItem"
          }
        },
        "resetNewLineItem": {
          "module": "vb/action/builtin/resetVariablesAction",
          "parameters": {
            "variables": [
              "$page.variables.newLineItem"
            ]
          }
        }
      }
    },
    "ButtonClickAction1": {
      "description": "",
      "variables": {
        "detail": {
          "required": true,
          "type": "any",
          "input": "fromCaller"
        },
        "actionId": {
          "type": "string",
          "input": "fromCaller"
        },
        "taskId": {
          "type": "string",
          "input": "fromCaller"
        }
      },
      "root": "performTask1",
      "actions": {
        "performTask1": {
          "module": "vb/extensions/process/action/builtin/performTaskAction",
          "parameters": {
            "actionBy": "id",
            "taskId": "{{ $chain.variables.taskId }}",
            "taskAction": {
              "id": "{{ $chain.variables.actionId }}"
            }
          },
          "outcomes": {
            "success": "navigateToPage1"
          }
        },
        "navigateToPage1": {
          "module": "vb/action/builtin/navigateToPageAction",
          "parameters": {
            "page": "main-start"
          }
        }
    }
    }
  },
  "eventListeners": {
    "backButtonClicked": {
      "chains": [
        {
          "chainId": "goBackChain"
        }
      ]
    },
    "saveButtonClicked": {
      "chains": [
        {
          "chainId": "saveExpenseReportChain"
        }
      ]
    },
    "vbEnter": {
      "chains": [
        {
          "chainId": "loadExpenseReportChain"
        }
      ]
    },
    "ojButton4215777733Click": {
      "chains": [
        {
          "chainId": "ButtonClickAction",
          "parameters": {
            "detail": "{{ $event.detail }}"
          }
        }
      ]
    },
    "OJBUTTON4215777731Click": {
      "chains": [
        {
          "chainId": "ButtonClickAction1",
          "parameters": {
            "detail": "{{ $event.detail }}",
            "actionId": "{{ $current.data.id }}",
            "taskId": "{{ $current.data.taskId }}"
          }
        }
      ]
    }
  },
  "imports": {
    "components": {
      "oj-form-layout": {
        "path": "ojs/ojformlayout"
      },
      "oj-input-text": {
        "path": "ojs/ojinputtext"
      },
      "oj-input-number": {
        "path": "ojs/ojinputnumber"
      },
      "oj-select-one": {
        "path": "ojs/ojselectcombobox"
      },
      "oj-input-date": {
        "path": "ojs/ojdatetimepicker"
      },
      "oj-toolbar": {
        "path": "ojs/ojtoolbar"
      },
      "oj-button": {
        "path": "ojs/ojbutton"
      },
      "oj-label": {
        "path": "ojs/ojlabel"
      },
      "oj-text-area": {
        "path": "ojs/ojinputtext"
      },
      "oj-list-view": {
        "path": "ojs/ojlistview"
      },
      "oj-vb-list-item": {
        "path": "vb/components/list-item/loader"
      }
    }
  }
}