id,creationDate,lastUpdateDate,createdBy,lastUpdatedBy,name,startDate,endDate,country,description,justification,amount,exchangeRate,amountInUSD
1,2018-04-27T04:42:01,2018-05-10T23:39:54,john.jullion-ceccarelli@oracle.com,john.jullion-ceccarelli@oracle.com,Customer Meeting in Prague,2018-04-17,2018-04-19,2,,,600.0,1.0,
21,2018-04-27T04:47:17,2018-05-10T19:12:37,john.jullion-ceccarelli@oracle.com,john.jullion-ceccarelli@oracle.com,Conference in Las Vegas,2018-05-07,2018-05-09,1,,,500.0,1.0,
22,2018-04-27T04:42:01,2018-05-10T19:12:09,john.jullion-ceccarelli@oracle.com,john.jullion-ceccarelli@oracle.com,Offsite,2018-02-11,2018-02-11,3,,,400.0,1.0,
23,2018-04-27T04:47:17,2018-05-10T19:12:37,john.jullion-ceccarelli@oracle.com,john.jullion-ceccarelli@oracle.com,Training,2018-11-09,2018-11-24,1,,,500.0,1.0,
44,2018-05-10T23:52:20,2018-05-10T23:52:20,fd9b17e86dde40a3a00609f43c5e8ccc,fd9b17e86dde40a3a00609f43c5e8ccc,Customer Meeting in Prague,2018-04-17,2018-04-19,2,,,600.0,1.0,
45,2018-05-10T23:52:20,2018-05-10T23:52:20,fd9b17e86dde40a3a00609f43c5e8ccc,fd9b17e86dde40a3a00609f43c5e8ccc,Conference in Las Vegas,2018-05-07,2018-05-09,1,,,500.0,1.0,
46,2018-05-10T23:52:20,2018-05-10T23:52:20,fd9b17e86dde40a3a00609f43c5e8ccc,fd9b17e86dde40a3a00609f43c5e8ccc,Offsite,2018-02-11,2018-02-11,3,,,400.0,1.0,
47,2018-05-10T23:52:20,2018-05-10T23:52:20,fd9b17e86dde40a3a00609f43c5e8ccc,fd9b17e86dde40a3a00609f43c5e8ccc,Training,2018-11-09,2018-11-24,1,,,500.0,1.0,
48,2018-05-10T23:52:20,2018-05-10T23:52:20,fd9b17e86dde40a3a00609f43c5e8ccc,fd9b17e86dde40a3a00609f43c5e8ccc,Customer Meeting in Prague,2018-04-17,2018-04-19,2,,,600.0,1.0,
49,2018-05-10T23:52:20,2018-05-10T23:52:20,fd9b17e86dde40a3a00609f43c5e8ccc,fd9b17e86dde40a3a00609f43c5e8ccc,Conference in Las Vegas,2018-05-07,2018-05-09,1,,,500.0,1.0,
50,2018-05-10T23:52:20,2018-05-10T23:52:20,fd9b17e86dde40a3a00609f43c5e8ccc,fd9b17e86dde40a3a00609f43c5e8ccc,Offsite,2018-02-11,2018-02-11,3,,,400.0,1.0,
51,2018-05-10T23:52:20,2018-05-10T23:54:36,fd9b17e86dde40a3a00609f43c5e8ccc,john.jullion-ceccarelli@oracle.com,Last One,2018-11-09,2018-11-24,1,,,500.0,1.0,
52,2018-05-10T23:52:20,2018-05-10T23:52:20,fd9b17e86dde40a3a00609f43c5e8ccc,fd9b17e86dde40a3a00609f43c5e8ccc,Customer Meeting in Prague,2018-04-17,2018-04-19,2,,,600.0,1.0,
53,2018-05-10T23:52:20,2018-05-10T23:52:20,fd9b17e86dde40a3a00609f43c5e8ccc,fd9b17e86dde40a3a00609f43c5e8ccc,Conference in Las Vegas,2018-05-07,2018-05-09,1,,,500.0,1.0,
54,2018-05-10T23:52:20,2018-05-10T23:52:20,fd9b17e86dde40a3a00609f43c5e8ccc,fd9b17e86dde40a3a00609f43c5e8ccc,Offsite,2018-02-11,2018-02-11,3,,,400.0,1.0,
55,2018-05-10T23:52:20,2018-05-10T23:52:20,fd9b17e86dde40a3a00609f43c5e8ccc,fd9b17e86dde40a3a00609f43c5e8ccc,Training,2018-11-09,2018-11-24,1,,,500.0,1.0,
192,2018-05-16T14:38:21,2018-05-16T14:38:21,fd9b17e86dde40a3a00609f43c5e8ccc,fd9b17e86dde40a3a00609f43c5e8ccc,Customer Meeting in Prague,2018-04-17,2018-04-19,2,,,600.0,1.0,
193,2018-05-16T14:38:21,2018-05-16T14:38:21,fd9b17e86dde40a3a00609f43c5e8ccc,fd9b17e86dde40a3a00609f43c5e8ccc,Conference in Las Vegas,2018-05-07,2018-05-09,1,,,500.0,1.0,
194,2018-05-16T14:38:21,2018-05-16T14:38:21,fd9b17e86dde40a3a00609f43c5e8ccc,fd9b17e86dde40a3a00609f43c5e8ccc,Offsite,2018-02-11,2018-02-11,3,,,400.0,1.0,
195,2018-05-16T14:38:21,2018-05-16T14:38:21,fd9b17e86dde40a3a00609f43c5e8ccc,fd9b17e86dde40a3a00609f43c5e8ccc,Training,2018-11-09,2018-11-24,1,,,500.0,1.0,
196,2018-05-16T14:38:21,2018-05-16T14:38:21,fd9b17e86dde40a3a00609f43c5e8ccc,fd9b17e86dde40a3a00609f43c5e8ccc,Customer Meeting in Prague,2018-04-17,2018-04-19,2,,,600.0,1.0,
197,2018-05-16T14:38:21,2018-05-16T14:38:21,fd9b17e86dde40a3a00609f43c5e8ccc,fd9b17e86dde40a3a00609f43c5e8ccc,Conference in Las Vegas,2018-05-07,2018-05-09,1,,,500.0,1.0,
198,2018-05-16T14:38:21,2018-05-16T14:38:21,fd9b17e86dde40a3a00609f43c5e8ccc,fd9b17e86dde40a3a00609f43c5e8ccc,Offsite,2018-02-11,2018-02-11,3,,,400.0,1.0,
199,2018-05-16T14:38:21,2018-05-16T14:38:21,fd9b17e86dde40a3a00609f43c5e8ccc,fd9b17e86dde40a3a00609f43c5e8ccc,Training,2018-11-09,2018-11-24,1,,,500.0,1.0,
200,2018-05-16T14:38:21,2018-05-16T14:38:21,fd9b17e86dde40a3a00609f43c5e8ccc,fd9b17e86dde40a3a00609f43c5e8ccc,Customer Meeting in Prague,2018-04-17,2018-04-19,2,,,600.0,1.0,
201,2018-05-16T14:38:21,2018-05-16T14:38:21,fd9b17e86dde40a3a00609f43c5e8ccc,fd9b17e86dde40a3a00609f43c5e8ccc,Conference in Las Vegas,2018-05-07,2018-05-09,1,,,500.0,1.0,
202,2018-05-16T14:38:21,2018-05-16T14:38:21,fd9b17e86dde40a3a00609f43c5e8ccc,fd9b17e86dde40a3a00609f43c5e8ccc,Offsite,2018-02-11,2018-02-11,3,,,400.0,1.0,
203,2018-05-16T14:38:21,2018-05-16T14:38:21,fd9b17e86dde40a3a00609f43c5e8ccc,fd9b17e86dde40a3a00609f43c5e8ccc,Last One,2018-11-09,2018-11-24,1,,,500.0,1.0,
204,2018-05-16T14:38:21,2018-05-16T14:38:21,fd9b17e86dde40a3a00609f43c5e8ccc,fd9b17e86dde40a3a00609f43c5e8ccc,Customer Meeting in Prague,2018-04-17,2018-04-19,2,,,600.0,1.0,
205,2018-05-16T14:38:21,2018-05-16T14:38:21,fd9b17e86dde40a3a00609f43c5e8ccc,fd9b17e86dde40a3a00609f43c5e8ccc,Conference in Las Vegas,2018-05-07,2018-05-09,1,,,500.0,1.0,
206,2018-05-16T14:38:21,2018-05-16T14:38:21,fd9b17e86dde40a3a00609f43c5e8ccc,fd9b17e86dde40a3a00609f43c5e8ccc,Offsite,2018-02-11,2018-02-11,3,,,400.0,1.0,
207,2018-05-16T14:38:21,2018-05-16T14:38:21,fd9b17e86dde40a3a00609f43c5e8ccc,fd9b17e86dde40a3a00609f43c5e8ccc,Training,2018-11-09,2018-11-24,1,,,500.0,1.0,
208,2018-05-16T14:38:21,2018-05-16T14:38:21,fd9b17e86dde40a3a00609f43c5e8ccc,fd9b17e86dde40a3a00609f43c5e8ccc,Customer Meeting in Prague,2018-04-17,2018-04-19,2,,,600.0,1.0,
209,2018-05-16T14:38:21,2018-05-16T14:38:21,fd9b17e86dde40a3a00609f43c5e8ccc,fd9b17e86dde40a3a00609f43c5e8ccc,Conference in Las Vegas,2018-05-07,2018-05-09,1,,,500.0,1.0,
210,2018-05-16T14:38:21,2018-05-16T14:38:21,fd9b17e86dde40a3a00609f43c5e8ccc,fd9b17e86dde40a3a00609f43c5e8ccc,Offsite,2018-02-11,2018-02-11,3,,,400.0,1.0,
211,2018-05-16T14:38:21,2018-05-16T14:38:21,fd9b17e86dde40a3a00609f43c5e8ccc,fd9b17e86dde40a3a00609f43c5e8ccc,Training,2018-11-09,2018-11-24,1,,,500.0,1.0,
212,2018-05-16T14:38:21,2018-05-16T14:38:21,fd9b17e86dde40a3a00609f43c5e8ccc,fd9b17e86dde40a3a00609f43c5e8ccc,Customer Meeting in Prague,2018-04-17,2018-04-19,2,,,600.0,1.0,
213,2018-05-16T14:38:21,2018-05-16T14:38:21,fd9b17e86dde40a3a00609f43c5e8ccc,fd9b17e86dde40a3a00609f43c5e8ccc,Conference in Las Vegas,2018-05-07,2018-05-09,1,,,500.0,1.0,
214,2018-05-16T14:38:21,2018-05-16T14:38:21,fd9b17e86dde40a3a00609f43c5e8ccc,fd9b17e86dde40a3a00609f43c5e8ccc,Offsite,2018-02-11,2018-02-11,3,,,400.0,1.0,
215,2018-05-16T14:38:21,2018-05-16T14:38:21,fd9b17e86dde40a3a00609f43c5e8ccc,fd9b17e86dde40a3a00609f43c5e8ccc,Training,2018-11-09,2018-11-24,1,,,500.0,1.0,
216,2018-05-16T14:38:21,2018-05-16T14:38:21,fd9b17e86dde40a3a00609f43c5e8ccc,fd9b17e86dde40a3a00609f43c5e8ccc,Customer Meeting in Prague,2018-04-17,2018-04-19,2,,,600.0,1.0,
217,2018-05-16T14:38:21,2018-05-16T14:38:21,fd9b17e86dde40a3a00609f43c5e8ccc,fd9b17e86dde40a3a00609f43c5e8ccc,Conference in Las Vegas,2018-05-07,2018-05-09,1,,,500.0,1.0,
218,2018-05-16T14:38:21,2018-05-16T14:38:21,fd9b17e86dde40a3a00609f43c5e8ccc,fd9b17e86dde40a3a00609f43c5e8ccc,Offsite,2018-02-11,2018-02-11,3,,,400.0,1.0,
219,2018-05-16T14:38:21,2018-05-16T14:38:21,fd9b17e86dde40a3a00609f43c5e8ccc,fd9b17e86dde40a3a00609f43c5e8ccc,Last One,2018-11-09,2018-11-24,1,,,500.0,1.0,
220,2018-05-16T14:38:21,2018-05-16T14:38:21,fd9b17e86dde40a3a00609f43c5e8ccc,fd9b17e86dde40a3a00609f43c5e8ccc,Customer Meeting in Prague,2018-04-17,2018-04-19,2,,,600.0,1.0,
221,2018-05-16T14:38:21,2018-05-16T14:38:21,fd9b17e86dde40a3a00609f43c5e8ccc,fd9b17e86dde40a3a00609f43c5e8ccc,Conference in Las Vegas,2018-05-07,2018-05-09,1,,,500.0,1.0,
222,2018-05-16T14:38:21,2018-05-16T14:38:21,fd9b17e86dde40a3a00609f43c5e8ccc,fd9b17e86dde40a3a00609f43c5e8ccc,Offsite,2018-02-11,2018-02-11,3,,,400.0,1.0,
223,2018-05-16T14:38:21,2018-05-16T14:38:21,fd9b17e86dde40a3a00609f43c5e8ccc,fd9b17e86dde40a3a00609f43c5e8ccc,Training,2018-11-09,2018-11-24,1,,,500.0,1.0,
