{
  "pageModelVersion": "19.3.1",
  "title": "",
  "description": "",
  "variables": {
    "expenseReportListSDP": {
      "type": "vb/ServiceDataProvider",
      "defaultValue": {
        "endpoint": "businessObjects/getall_ExpenseReport",
        "idAttribute": "id",
        "itemsPath": "items",
        "responseType": "page:getallExpenseReportResponse"
      }
    },
    "selectedReport": {
      "type": "get_ExpenseReport"
    }
  },
  "metadata": {},
  "types": {
    "@decorators.getallExpenseReportResponse": {
      "endpoint": "getall_ExpenseReport",
      "service": "businessObjects",
      "path": "response"
    },
    "@decorators.get_ExpenseReport": {
      "endpoint": "get_ExpenseReport",
      "service": "businessObjects",
      "path": "response"
    },
    "get_ExpenseReport": {
      "amount": "number",
      "endDate": "string",
      "name": "string",
      "startDate": "string"
    },
    "getallExpenseReportResponse": {
      "items": [
        {
          "amount": "number",
          "endDate": "string",
          "id": "number",
          "name": "string",
          "startDate": "string"
        }
      ]
    }
  },
  "chains": {
    "ListViewFirstSelectedItemChangeChain": {
      "description": "",
      "variables": {
        "firstSelectedItem": {
          "required": true,
          "type": "any",
          "input": "fromCaller"
        }
      },
      "root": "assignVariables1",
      "actions": {
        "assignVariables1": {
          "module": "vb/action/builtin/assignVariablesAction",
          "parameters": {
            "$page.variables.selectedReport": {
              "source": "{{ $chain.variables.firstSelectedItem.data }}",
              "auto": "always"
            }
          }
        }
      }
    }
  },
  "eventListeners": {
    "ojListView18978201371FirstSelectedItem": {
      "chains": [
        {
          "chainId": "ListViewFirstSelectedItemChangeChain",
          "parameters": {
            "firstSelectedItem": "{{ $event.detail.value }}"
          }
        }
      ]
    }
  },
  "imports": {
    "components": {
      "oj-list-view": {
        "path": "ojs/ojlistview"
      },
      "oj-vb-list-item": {
        "path": "vb/components/list-item/loader"
      },
      "oj-input-number": {
        "path": "ojs/ojinputnumber"
      },
      "oj-form-layout": {
        "path": "ojs/ojformlayout"
      },
      "oj-input-text": {
        "path": "ojs/ojinputtext"
      },
      "oj-input-date": {
        "path": "ojs/ojdatetimepicker"
      }
    }
  }
}