{
    "displayLabel": "Product",
    "fields": [
        {
            "displayLabel": "Id",
            "internal": true,
            "key": true,
            "name": "id",
            "oid": "aecf1e2a-0cf7-4baf-9382-4d6fce335cea",
            "required": true,
            "type": "number",
            "unique": true
        },
        {
            "displayLabel": "Created",
            "internal": true,
            "name": "creationDate",
            "oid": "5684d9fc-8215-499e-b870-4ba891af0f7f",
            "type": "datetime"
        },
        {
            "displayLabel": "Last Updated",
            "internal": true,
            "name": "lastUpdateDate",
            "oid": "2374d91a-cd40-4c09-a530-7aa98ee42103",
            "type": "datetime"
        },
        {
            "displayLabel": "Created By",
            "internal": true,
            "name": "createdBy",
            "oid": "b4915ee5-36de-44ef-aa35-40b0e2cbd6e0",
            "type": "string"
        },
        {
            "displayLabel": "Last Updated By",
            "internal": true,
            "name": "lastUpdatedBy",
            "oid": "a7793bae-353d-40d1-8d54-9c6406efd5b2",
            "type": "string"
        },
        {
            "displayLabel": "<internal>",
            "hidden": true,
            "internal": true,
            "name": "abcsChangeNumber",
            "oid": "47e248ca-09ac-4cee-b047-7fa82936c9d5",
            "type": "number"
        },
        {
            "displayLabel": "description",
            "name": "description",
            "oid": "8991e78f-65a9-44f8-809d-29f410014747",
            "type": "string"
        },
        {
            "displayLabel": "UnitSellingPrice",
            "name": "unitSellingPrice",
            "oid": "6195ba2e-6ec3-4e6f-860a-edcfba25d55d",
            "type": "number"
        }
    ],
    "name": "Product",
    "oid": "17fba3d4-e394-4ccd-ab25-49673e7719d2",
    "relationships": [
        {
            "name": "receivablesInvoiceLineC",
            "reverseRelationship": "productObject",
            "targetEntity": "ReceivablesInvoiceLine",
            "type": "incoming",
            "exposeAccessor": false,
            "displayField": "description"
        }
    ]
}