{
    "displayLabel": "Line Item",
    "fields": [
        {
            "displayLabel": "Id",
            "internal": true,
            "key": true,
            "name": "id",
            "oid": "0f14d288-7747-43b1-a77b-a3cc8d317b21",
            "required": true,
            "type": "number",
            "unique": true
        },
        {
            "displayLabel": "Created",
            "internal": true,
            "name": "creationDate",
            "oid": "6222ead6-e944-4cae-be47-97f23a6f16dd",
            "type": "datetime"
        },
        {
            "displayLabel": "Last Updated",
            "internal": true,
            "name": "lastUpdateDate",
            "oid": "3b622602-85b9-4967-96a3-3f50b0104bdf",
            "type": "datetime"
        },
        {
            "displayLabel": "Created By",
            "internal": true,
            "name": "createdBy",
            "oid": "09657349-7ad4-4487-a460-6591cfbe07b8",
            "type": "string"
        },
        {
            "displayLabel": "Last Updated By",
            "internal": true,
            "name": "lastUpdatedBy",
            "oid": "273e4e20-56c9-47a0-b0ef-638104f3aa6b",
            "type": "string"
        },
        {
            "displayLabel": "<internal>",
            "hidden": true,
            "internal": true,
            "name": "abcsChangeNumber",
            "oid": "e6e1c8fb-1985-4793-931a-0efcec813c96",
            "type": "number"
        },
        {
            "displayLabel": "Expense Report",
            "name": "expenseReport",
            "oid": "28b45945-4ca0-47c4-9fa1-0c51ea5c490c",
            "type": "reference"
        },
        {
            "displayLabel": "Name",
            "name": "name",
            "oid": "bc1d188f-4471-438e-9c43-b759c40abba5",
            "type": "string"
        },
        {
            "displayLabel": "Amount",
            "name": "amount",
            "oid": "f299b28a-09a3-4392-b97f-0c6c6238fbf3",
            "type": "number"
        }
    ],
    "name": "LineItem",
    "oid": "e6c24f64-4a00-421d-8c27-cd40c611ddc7",
    "relationships": [
        {
            "deleteRule": "restrict",
            "exposeAccessor": true,
            "mappingField": "expenseReport",
            "name": "expenseReportObject",
            "reverseRelationship": "lineItemCollection",
            "targetEntity": "ExpenseReport",
            "type": "outgoing"
        }
    ]
}