{
  "applicationModelVersion": "19.3.1",
  "id": "webapp1",
  "description": "A new VB app",
  "defaultPage": "shell",
  "chains": {},
    "services": {
        "airquality": "../../services/airquality/service.json"
    },
    "types": {
        "getLocationsResponse": {
            "results": [
                {
                    "city": "string",
                    "country": "string",
                    "lastUpdated": "string",
                    "location": "string"
                }
            ]
        },
        "getLatestResponse": {
            "results": [
                {
                    "location": "string",
                    "city": "string",
                    "country": "string",
                    "measurements": [
                        {
                            "parameter": "string",
                            "value": "number",
                            "lastUpdated": "string",
                            "unit": "string",
                            "sourceName": "string",
                            "averagingPeriod": {
                                "value": "number",
                                "unit": "string"
                            }
                        }
                    ]
                }
            ]
        },
        "getMeasurements": {
            "results": [
                {
                    "measurements": [
                        {
                            "averagingPeriod": {
                                "unit": "string",
                                "value": "number"
                            },
                            "lastUpdated": "string",
                            "parameter": "string",
                            "sourceName": "string",
                            "unit": "string",
                            "value": "number"
                        }
                    ]
                }
            ]
        },
        "getLatest": {
            "results": [
                {
                    "measurements": [
                        {
                            "averagingPeriod": {
                                "unit": "string",
                                "value": "number"
                            },
                            "lastUpdated": "string",
                            "parameter": "string",
                            "sourceName": "string",
                            "unit": "string",
                            "value": "number"
                        }
                    ]
                }
            ]
        },
        "getLocationsResponse2": {
            "results": [
                {
                    "city": "string",
                    "country": "string",
                    "location": "string"
                }
            ]
        }
    },
  "translations": {
    "app": {
      "path": "./resources/strings/app/nls/app-strings"
    }
  },
  "events": {
    "navigateToItem": {
      "payloadType": {
        "item": "string"
      }
    }
  },
  "variables": {},
  "userConfig": {
    "type": "vb/DefaultSecurityProvider",
    "configuration": {},
    "embedding": "deny"
  },
  "security": {}
}