{
    "fields": [
        {
            "hidden": false,
            "id": "id",
            "internal": true,
            "key": true,
            "oid": "b223c1ca-b037-47ab-b14b-33b7e1ec5af0",
            "required": true,
            "singularName": "Id",
            "type": "number",
            "unique": true
        },
        {
            "hidden": false,
            "id": "creationDate",
            "internal": true,
            "key": false,
            "oid": "f5430df4-eb60-416a-a896-5862c118a3f0",
            "singularName": "Creation Date",
            "type": "datetime"
        },
        {
            "hidden": false,
            "id": "lastUpdateDate",
            "internal": true,
            "key": false,
            "oid": "bae4852e-0754-4996-a5c2-b05397dd64b7",
            "singularName": "Last Update Date",
            "type": "datetime"
        },
        {
            "hidden": false,
            "id": "createdBy",
            "internal": true,
            "key": false,
            "oid": "203f2aec-000a-4cb4-82eb-ab27d2a4926e",
            "singularName": "Created By",
            "type": "string"
        },
        {
            "hidden": false,
            "id": "lastUpdatedBy",
            "internal": true,
            "key": false,
            "oid": "672bda72-2adb-4124-b578-8874613ad843",
            "singularName": "Last Updated By",
            "type": "string"
        },
        {
            "hidden": true,
            "id": "abcsChangeNumber",
            "internal": true,
            "key": false,
            "oid": "ec4973e0-4f2c-4e52-8b00-780392348035",
            "singularName": "Update ID",
            "type": "number"
        },
        {
            "id": "sessionID",
            "oid": "6b0c0a20-7d22-4e24-9d1c-c78e3752be3a",
            "singularName": "Session ID",
            "type": "string"
        },
        {
            "id": "preregistered",
            "oid": "d187cbed-c7f9-4c75-88dc-089361f5506b",
            "singularName": "Preregistered",
            "type": "number"
        },
        {
            "id": "status",
            "oid": "d06405a0-4b2e-4a4b-af87-537d97584d8c",
            "singularName": "Status",
            "type": "reference"
        },
        {
            "id": "speaker",
            "oid": "b8bbb4a3-dfc8-4ec1-92be-5778d3402814",
            "singularName": "Speaker",
            "type": "reference"
        },
        {
            "id": "title",
            "oid": "b3138d68-a5b3-473f-a288-33d01fe6aba3",
            "singularName": "Title",
            "type": "string"
        },
        {
            "id": "sessionType",
            "oid": "3695abc2-1a5d-4620-8791-a8a4826a8a5c",
            "singularName": "Session Type",
            "type": "reference"
        },
        {
            "id": "length",
            "oid": "acce748a-f109-404d-8f4b-db14b915df75",
            "singularName": "Length",
            "type": "number"
        },
        {
            "id": "date_",
            "oid": "fd3eca25-99ec-45c5-b940-8b73bd8689c9",
            "singularName": "Date",
            "type": "datetime"
        },
        {
            "id": "time_",
            "oid": "77d28f8b-659e-4b24-bb1b-7101b765799a",
            "singularName": "Time",
            "type": "time"
        },
        {
            "id": "room",
            "oid": "0b1e63e8-f932-4e65-bbd3-c61070dd830c",
            "singularName": "Room",
            "type": "reference"
        },
        {
            "id": "cost",
            "oid": "027524f8-9564-4dcf-be92-b0c97ea4add7",
            "singularName": "Cost",
            "type": "string"
        }
    ],
    "hidden": false,
    "id": "Courses",
    "oid": "dc783a03-df0f-45f4-9483-fe502db85096",
    "relations": [
        {
            "accessorId": "statusObject",
            "cardinality": "manyToOne",
            "defaultDisplayFieldId": "displayName",
            "deleteRule": "restrict",
            "mappingFieldId": "status",
            "sourceEntityId": "Courses",
            "targetEntityId": "Status"
        },
        {
            "accessorId": "speakerObject",
            "cardinality": "manyToOne",
            "defaultDisplayFieldId": "name",
            "deleteRule": "restrict",
            "mappingFieldId": "speaker",
            "sourceEntityId": "Courses",
            "targetEntityId": "Speakers"
        },
        {
            "accessorId": "sessionTypeObject",
            "cardinality": "manyToOne",
            "defaultDisplayFieldId": "displayName",
            "deleteRule": "restrict",
            "mappingFieldId": "sessionType",
            "sourceEntityId": "Courses",
            "targetEntityId": "SessionType"
        },
        {
            "accessorId": "roomObject",
            "cardinality": "manyToOne",
            "defaultDisplayFieldId": "roomName",
            "deleteRule": "restrict",
            "mappingFieldId": "room",
            "sourceEntityId": "Courses",
            "targetEntityId": "Rooms"
        }
    ],
    "singularName": "Courses"
}