{
    "displayLabel": "Expense Report",
    "fields": [
        {
            "displayLabel": "Id",
            "hidden": false,
            "internal": true,
            "key": true,
            "name": "id",
            "oid": "9d02cdaf-0588-4c36-a9bf-2838ffdf3336",
            "required": true,
            "type": "number",
            "unique": true
        },
        {
            "displayLabel": "Creation Date",
            "hidden": false,
            "internal": true,
            "key": false,
            "name": "creationDate",
            "oid": "76351a48-c3e8-4d20-ad37-ada10a8a1b2c",
            "type": "datetime"
        },
        {
            "displayLabel": "Last Update Date",
            "hidden": false,
            "internal": true,
            "key": false,
            "name": "lastUpdateDate",
            "oid": "59dc4592-55c8-48c7-b450-a4eb5bc47281",
            "type": "datetime"
        },
        {
            "displayLabel": "Created By",
            "hidden": false,
            "internal": true,
            "key": false,
            "name": "createdBy",
            "oid": "1908c68e-e41e-414f-9bc7-f4de3f23cab3",
            "type": "string"
        },
        {
            "displayLabel": "Last Updated By",
            "hidden": false,
            "internal": true,
            "key": false,
            "name": "lastUpdatedBy",
            "oid": "036f6a7b-cd2e-4c0c-b948-9ce849fff1cb",
            "type": "string"
        },
        {
            "displayLabel": "Update ID",
            "hidden": true,
            "internal": true,
            "key": false,
            "name": "abcsChangeNumber",
            "oid": "53a83946-ccde-42cd-8a2f-ad94b732de32",
            "type": "number"
        },
        {
            "displayLabel": "Name",
            "name": "name",
            "oid": "9185ca07-707a-42d4-9391-ecdbe55b7591",
            "type": "string"
        },
        {
            "displayLabel": "Start Date",
            "name": "startDate",
            "oid": "fceffc2d-c959-4c2d-919b-bcee48321ec2",
            "type": "date"
        },
        {
            "displayLabel": "End Date",
            "name": "endDate",
            "oid": "bf7f5282-6dea-4fb2-8ac6-90a5946d6e3e",
            "type": "date"
        },
        {
            "displayLabel": "Country",
            "name": "country",
            "oid": "0e91eedc-ed7c-42f9-9111-cd78780f569f",
            "type": "reference"
        },
        {
            "displayLabel": "Description",
            "name": "description",
            "oid": "8564dc3b-e16f-4e04-9f6a-d671771b688a",
            "type": "string"
        },
        {
            "displayLabel": "Justification",
            "name": "justification",
            "oid": "3a038e70-9528-4e0f-8644-aa0738f40c4e",
            "type": "string"
        },
        {
            "displayLabel": "Amount",
            "name": "amount",
            "oid": "1aaab8dc-89ad-4600-8f85-f7ae7b0b69e9",
            "type": "number"
        },
        {
            "displayLabel": "Exchange Rate",
            "name": "exchangeRate",
            "oid": "200bdc0f-326c-4e59-ba92-dd326d13fd10",
            "type": "number"
        },
        {
            "displayLabel": "Amount in USD",
            "name": "amountInUSD",
            "oid": "1be3b5ab-6b49-46af-92f3-2fa005183ef0",
            "type": "number",
            "updatable": true
        }
    ],
    "hidden": false,
    "name": "ExpenseReport",
    "oid": "0da2071d-2746-4dec-b994-fef0b014d1c3",
    "relationships": [
        {
            "deleteRule": "restrict",
            "exposeAccessor": true,
            "mappingField": "country",
            "name": "countryObject",
            "reverseRelationship": "ExpenseReport.country.Collection",
            "targetEntity": "Country",
            "type": "outgoing"
        },
        {
            "displayField": "name",
            "exposeAccessor": false,
            "mappingField": "id",
            "name": "LineItem.expenseReport.Collection",
            "reverseRelationship": "expenseReportObject",
            "targetEntity": "LineItem",
            "type": "incoming"
        }
    ]
}