{
    "pageModelVersion": "1.0.0",
    "title": "Create Expense",
    "description": "Creates new Expenses",
    "variables": {
        "expenses": {
            "type": "application:createExpensesRequest"
        }
    },
    "chains": {
        "goBackChain": {
            "root": "navigateBack",
            "actions": {
                "navigateBack": {
                    "module": "vb/action/builtin/navigateBackAction",
                    "outcomes": {
                        "success": ""
                    }
                }
            }
        },
        "createExpensesChain": {
            "root": "createExpenses",
            "actions": {
                "createExpenses": {
                    "module": "vb/action/builtin/restAction",
                    "parameters": {
                        "endpoint": "businessObjects/create_Expenses",
                        "body": "{{ $page.variables.expenses }}"
                    },
                    "outcomes": {
                        "success": "fireSuccessNotification",
                        "failure": "fireErrorNotification"
                    }
                },
                "fireSuccessNotification": {
                    "module": "vb/action/builtin/fireNotificationEventAction",
                    "parameters": {
                        "message": "Expenses record successfully created",
                        "type": "confirmation",
                        "displayMode": "transient"
                    },
                    "outcomes": {
                        "success": "navigateBack"
                    }
                },
                "fireErrorNotification": {
                    "module": "vb/action/builtin/fireNotificationEventAction",
                    "parameters": {
                        "message": "{{ 'Could not create new Expenses: status ' + $chain.results.createExpenses.payload.status }}",
                        "type": "error",
                        "displayMode": "persist"
                    },
                    "outcomes": {}
                },
                "navigateBack": {
                    "module": "vb/action/builtin/navigateBackAction",
                    "outcomes": {
                        "success": ""
                    }
                }
            }
        }
    },
    "eventListeners": {
        "backButtonClicked": {
            "chains": [
                {
                    "chainId": "goBackChain"
                }
            ]
        },
        "saveButtonClicked": {
            "chains": [
                {
                    "chainId": "createExpensesChain"
                }
            ]
        }
    },
    "imports": {
        "components": {
            "oj-input-number": {
                "path": "ojs/ojinputnumber"
            },
            "oj-input-text": {
                "path": "ojs/ojinputtext"
            },
            "oj-form-layout": {
                "path": "ojs/ojformlayout"
            },
            "oj-toolbar": {
                "path": "ojs/ojtoolbar"
            },
            "oj-button": {
                "path": "ojs/ojbutton"
            }
        }
    }
}