{
    "pageModelVersion": "1.0.0",
    "title": "Page",
    "description": "VB page",
    "variables": {
        "expensesListServiceDataProvider": {
            "type": "vb/ServiceDataProvider",
            "defaultValue": {
                "endpoint": "businessObjects/getall_Expenses",
                "idAttribute": "id",
                "itemsPath": "items",
                "responseType": "application:getallExpensesResponse"
            }
        }
    },
    "chains": {
        "navigateToCreateExpensesChain": {
            "root": "navigateToCreate",
            "actions": {
                "navigateToCreate": {
                    "module": "vb/action/builtin/navigateToPageAction",
                    "parameters": {
                        "history": "push",
                        "page": "CreateExpense",
                        "params": {}
                    },
                    "outcomes": {
                        "success": ""
                    }
                }
            }
        }
    },
    "eventListeners": {
        "createExpensesButtonClicked": {
            "chains": [
                {
                    "chainId": "navigateToCreateExpensesChain"
                }
            ]
        }
    },
    "imports": {
        "components": {
            "oj-table": {
                "path": "ojs/ojtable"
            },
            "oj-button": {
                "path": "ojs/ojbutton"
            }
        }
    }
}