id,creationDate,lastUpdateDate,createdBy,lastUpdatedBy,expenseReport,name,amount
1,2018-04-27T04:46:43,2018-04-27T04:46:43.015,john.jullion-ceccarelli@oracle.com,john.jullion-ceccarelli@oracle.com,1,Hotel,400.0
2,2018-04-27T04:47:37,2018-04-27T04:47:37.005,john.jullion-ceccarelli@oracle.com,john.jullion-ceccarelli@oracle.com,21,Car,300.0
3,2018-05-15T19:47:46,2018-05-15T19:47:46.011,john.jullion-ceccarelli@oracle.com,john.jullion-ceccarelli@oracle.com,1,Meals,200.0
4,2018-05-15T20:17:18,2018-05-15T20:17:18.011,john.jullion-ceccarelli@oracle.com,john.jullion-ceccarelli@oracle.com,1,Car,100.0
5,2019-08-22T13:22:47,2019-08-22T13:22:47.025,john.jullion-ceccarelli@oracle.com,john.jullion-ceccarelli@oracle.com,22,Meals,150.0
