{
    "displayLabel": "Line Item",
    "fields": [
        {
            "displayLabel": "Id",
            "hidden": false,
            "internal": true,
            "key": true,
            "name": "id",
            "oid": "3967c439-c03a-48d9-81bf-058056d717a1",
            "required": true,
            "type": "number",
            "unique": true
        },
        {
            "displayLabel": "Creation Date",
            "hidden": false,
            "internal": true,
            "key": false,
            "name": "creationDate",
            "oid": "a774d2cb-3839-464b-a886-99ab80a63c00",
            "type": "datetime"
        },
        {
            "displayLabel": "Last Update Date",
            "hidden": false,
            "internal": true,
            "key": false,
            "name": "lastUpdateDate",
            "oid": "5dee5c89-2814-4333-8a0d-57172ac49211",
            "type": "datetime"
        },
        {
            "displayLabel": "Created By",
            "hidden": false,
            "internal": true,
            "key": false,
            "name": "createdBy",
            "oid": "23c6d643-fccb-4f05-beec-5750a9dbec3b",
            "type": "string"
        },
        {
            "displayLabel": "Last Updated By",
            "hidden": false,
            "internal": true,
            "key": false,
            "name": "lastUpdatedBy",
            "oid": "406a2d1c-fa76-44c1-8853-c78689936f78",
            "type": "string"
        },
        {
            "displayLabel": "Update ID",
            "hidden": true,
            "internal": true,
            "key": false,
            "name": "abcsChangeNumber",
            "oid": "682347c5-f3bb-48f4-a689-71339890b9cd",
            "type": "number"
        },
        {
            "displayLabel": "Expense Report",
            "name": "expenseReport",
            "oid": "5428ff96-90ca-4887-808b-29e3f44dda28",
            "type": "reference"
        },
        {
            "displayLabel": "Name",
            "name": "name",
            "oid": "d28f7cd2-3326-4178-b882-2dd6e3ffcd58",
            "type": "string"
        },
        {
            "displayLabel": "Amount",
            "name": "amount",
            "oid": "cd667d60-c921-46a7-a0b2-b2a390b94b85",
            "type": "number"
        }
    ],
    "hidden": false,
    "name": "LineItem",
    "oid": "e6ca352f-301a-45b4-8c0b-7ba022da18c1",
    "relationships": [
        {
            "deleteRule": "restrict",
            "exposeAccessor": true,
            "mappingField": "expenseReport",
            "name": "expenseReportObject",
            "reverseRelationship": "LineItem.expenseReport.Collection",
            "targetEntity": "ExpenseReport",
            "type": "outgoing"
        }
    ]
}