{
  "pageModelVersion": "18.1.1",
  "title": "Create Beer",
  "description": "Creates new Beer",
  "variables": {
    "beer": {
      "type": "application:createBeerRequest"
    },
    "selectedQualities": {
      "type": "number[]"
    },
    "beerTypeListServiceDataProvider": {
      "type": "vb/ServiceDataProvider",
      "defaultValue": {
        "endpoint": "businessObjects/getall_BeerType",
        "idAttribute": "id",
        "itemsPath": "items",
        "responseType": "flow:getallBeerTypeResponse",
        "sortCriteria": [
          {
            "attribute": "{{ 'name' }}"
          }
        ]
      }
    },
    "countryListServiceDataProvider": {
      "type": "vb/ServiceDataProvider",
      "defaultValue": {
        "endpoint": "businessObjects/getall_Country",
        "idAttribute": "id",
        "itemsPath": "items",
        "responseType": "flow:getallCountryResponse",
        "sortCriteria": [
          {
            "attribute": "{{ 'name' }}"
          }
        ]
      }
    },
    "qualityListServiceDataProvider": {
      "type": "vb/ServiceDataProvider",
      "defaultValue": {
        "endpoint": "businessObjects/getall_Quality",
        "idAttribute": "id",
        "itemsPath": "items",
        "responseType": "flow:getallQualityResponse",
        "sortCriteria": [
          {
            "attribute": "{{ 'name' }}"
          }
        ]
      }
    }
  },
  "chains": {
    "goBackChain": {
      "root": "navigateBack",
      "actions": {
        "navigateBack": {
          "module": "vb/action/builtin/navigateBackAction",
          "outcomes": {
            "success": ""
          }
        }
      }
    },
    "createBeerChain": {
      "root": "assignQualities",
      "actions": {
        "createBeer": {
          "module": "vb/action/builtin/restAction",
          "parameters": {
            "endpoint": "businessObjects/create_Beer",
            "body": "{{ $page.variables.beer }}"
          },
          "outcomes": {
            "success": "fireSuccessNotification",
            "failure": "fireErrorNotification"
          }
        },
        "fireSuccessNotification": {
          "module": "vb/action/builtin/fireNotificationEventAction",
          "parameters": {
            "message": "Beer record successfully created",
            "type": "confirmation",
            "displayMode": "transient"
          },
          "outcomes": {
            "success": "navigateBack"
          }
        },
        "fireErrorNotification": {
          "module": "vb/action/builtin/fireNotificationEventAction",
          "parameters": {
            "message": "{{ 'Could not create new Beer: status ' + $chain.results.createBeer.payload.status }}",
            "type": "error",
            "displayMode": "persist"
          },
          "outcomes": {}
        },
        "navigateBack": {
          "module": "vb/action/builtin/navigateBackAction",
          "outcomes": {
            "success": ""
          }
        },
        "assignQualities": {
          "module": "vb/action/builtin/assignVariablesAction",
          "outcomes": {
            "success": "createBeer"
          },
          "parameters": {
            "$page.variables.beer.beerQualityCollection": {
              "source": "{{ $page.variables.selectedQualities }}",
              "mapping": {
                "$target.quality": "$source"
              }
            }
          }
        }
      }
    }
  },
  "eventListeners": {
    "backButtonClicked": {
      "chains": [
        {
          "chainId": "goBackChain"
        }
      ]
    },
    "saveButtonClicked": {
      "chains": [
        {
          "chainId": "createBeerChain"
        }
      ]
    }
  },
  "imports": {
    "components": {
      "oj-input-number": {
        "path": "ojs/ojinputnumber"
      },
      "oj-input-text": {
        "path": "ojs/ojinputtext"
      },
      "oj-form-layout": {
        "path": "ojs/ojformlayout"
      },
      "oj-toolbar": {
        "path": "ojs/ojtoolbar"
      },
      "oj-button": {
        "path": "ojs/ojbutton"
      },
      "oj-label": {
        "path": "ojs/ojlabel"
      },
      "oj-select-one": {
        "path": "ojs/ojselectcombobox"
      },
      "oj-select-many": {
        "path": "ojs/ojselectcombobox"
      }
    }
  }
}