{
  "pageModelVersion": "18.1.1",
  "title": "Edit Beer",
  "description": "Updates single Beer record",
  "variables": {
    "beerRecord": {
      "type": "application:update_Beer"
    },
    "beerId": {
      "required": true,
      "type": "string",
      "input": "fromUrl"
    },
    "selectedQualities": {
      "type": "number[]"
    },
    "beerTypeListServiceDataProvider": {
      "type": "vb/ServiceDataProvider",
      "defaultValue": {
        "endpoint": "businessObjects/getall_BeerType",
        "idAttribute": "id",
        "itemsPath": "items",
        "responseType": "flow:getallBeerTypeResponse",
        "sortCriteria": [{
          "attribute": "{{ 'name' }}"
        }]
      }
    },
    "countryListServiceDataProvider": {
      "type": "vb/ServiceDataProvider",
      "defaultValue": {
        "endpoint": "businessObjects/getall_Country",
        "idAttribute": "id",
        "itemsPath": "items",
        "responseType": "flow:getallCountryResponse",
        "sortCriteria": [{
          "attribute": "{{ 'name' }}"
        }]
      }
    },
    "qualityListServiceDataProvider": {
      "type": "vb/ServiceDataProvider",
      "defaultValue": {
        "endpoint": "businessObjects/getall_Quality",
        "idAttribute": "id",
        "itemsPath": "items",
        "responseType": "flow:getallQualityResponse",
        "sortCriteria": [{
          "attribute": "{{ 'name' }}"
        }]
      }
    }
  },
  "chains": {
    "goBackChain": {
      "root": "navigateBack",
      "actions": {
        "navigateBack": {
          "module": "vb/action/builtin/navigateBackAction",
          "outcomes": {
            "success": ""
          }
        }
      }
    },
    "loadBeerChain": {
      "root": "loadBeer",
      "actions": {
        "loadBeer": {
          "module": "vb/action/builtin/restAction",
          "parameters": {
            "endpoint": "businessObjects/get_Beer",
            "uriParams": {
              "Beer_Id": "{{ $page.variables.beerId }}",
              "expand": "beerQualityCollection"
            }
          },
          "outcomes": {
            "success": "assignPayload",
            "failure": "fireErrorNotification"
          }
        },
        "assignPayload": {
          "module": "vb/action/builtin/assignVariablesAction",
          "parameters": {
            "$page.variables.beerRecord": {
              "source": "{{ $chain.results.loadBeer.body }}"
            }
          },
          "outcomes": {
            "success": "assignSelectedQualities"
          }
        },
        "fireErrorNotification": {
          "module": "vb/action/builtin/fireNotificationEventAction",
          "parameters": {
            "message": "{{ 'Could not load data: status ' + $chain.results.loadBeer.payload.status }}",
            "type": "error",
            "displayMode": "persist"
          },
          "outcomes": {}
        },
        "assignSelectedQualities": {
          "module": "vb/action/builtin/assignVariablesAction",
          "parameters": {
            "$page.variables.selectedQualities": {
                "source": "{{ $chain.results.loadBeer.body.beerQualityCollection.items }}",
                "mapping": {
                  "$target": "$source.quality"
                }
            }
          }
        }
      }
    },
    "saveBeerChain": {
      "root": "createPayload",
      "actions": {
        "createPayload": {
          "module": "vb/action/builtin/callModuleFunctionAction",
          "parameters": {
            "module": "{{$page.functions}}",
            "functionName": "createPayload",
            "params": [
              "{{ $page.variables.beerRecord }}",
              "{{ $page.variables.selectedQualities }}"
            ]
          },
          "outcomes": {
            "success": "updateBeer"
          }
        },
        "updateBeer": {
          "module": "vb/action/builtin/restAction",
          "parameters": {
            "endpoint": "businessObjects/batch",
            "body": "{{ $chain.results.createPayload }}"
          },
          "outcomes": {
            "success": "fireSuccessNotification",
            "failure": "fireErrorNotification"
          }
        },
        "fireSuccessNotification": {
          "module": "vb/action/builtin/fireNotificationEventAction",
          "parameters": {
            "message": "Beer record successfully updated",
            "type": "confirmation",
            "displayMode": "transient"
          },
          "outcomes": {
            "success": "navigateBack"
          }
        },
        "fireErrorNotification": {
          "module": "vb/action/builtin/fireNotificationEventAction",
          "parameters": {
            "message": "{{ 'Could not update Beer: status ' + $chain.results.updateBeer.payload.status }}",
            "type": "error",
            "displayMode": "persist"
          },
          "outcomes": {}
        },
        "navigateBack": {
          "module": "vb/action/builtin/navigateBackAction",
          "outcomes": {
            "success": ""
          }
        }
      }
    },
    "deleteBeerChain": {
      "root": "callRestEndpoint1",
      "description": "",
      "actions": {
        "callRestEndpoint1": {
          "module": "vb/action/builtin/restAction",
          "parameters": {
            "endpoint": "businessObjects/delete_Beer",
            "uriParams": {
              "Beer_Id": "{{ $page.variables.beerId }}"
            }
          },
          "outcomes": {
            "success": "fireSuccessNotification",
            "failure": "fireErrorNotification"
          }
        },
        "fireSuccessNotification": {
          "module": "vb/action/builtin/fireNotificationEventAction",
          "parameters": {
            "message": "Beer record successfully removed",
            "type": "confirmation",
            "displayMode": "transient"
          },
          "outcomes": {
            "success": "navigateBack1"
          }
        },
        "fireErrorNotification": {
          "module": "vb/action/builtin/fireNotificationEventAction",
          "parameters": {
            "message": "{{ 'Could not remove Beer: status ' + $chain.results.callRestEndpoint1.payload.status }}",
            "type": "error",
            "displayMode": "persist"
          },
          "outcomes": {}
        },
        "navigateBack1": {
          "module": "vb/action/builtin/navigateBackAction"
        }
      }
    }
  },
  "eventListeners": {
    "backButtonClicked": {
      "chains": [{
        "chainId": "goBackChain"
      }]
    },
    "saveButtonClicked": {
      "chains": [{
        "chainId": "saveBeerChain"
      }]
    },
    "vbEnter": {
      "chains": [{
        "chainId": "loadBeerChain"
      }]
    },
    "ojButton14650013701Click": {
      "chains": [
        {
          "chainId": "deleteBeerChain"
        }
      ]
    }
  },
  "imports": {
    "components": {
      "oj-input-number": {
        "path": "ojs/ojinputnumber"
      },
      "oj-input-text": {
        "path": "ojs/ojinputtext"
      },
      "oj-form-layout": {
        "path": "ojs/ojformlayout"
      },
      "oj-toolbar": {
        "path": "ojs/ojtoolbar"
      },
      "oj-button": {
        "path": "ojs/ojbutton"
      },
      "oj-select-one": {
        "path": "ojs/ojselectcombobox"
      },
      "oj-select-many": {
        "path": "ojs/ojselectcombobox"
      }
    }
  }
}