{
  "pageModelVersion": "18.1.1",
  "title": "My start page",
  "description": "The starting page of the app",
  "variables": {
    "contactListServiceDataProvider": {
      "type": "vb/ServiceDataProvider",
      "defaultValue": {
        "endpoint": "businessObjects/getall_Contact",
        "idAttribute": "id",
        "itemsPath": "items",
        "responseType": "getall_Contact"
      }
    },
    "contactListServiceDataProvider2": {
      "type": "vb/ServiceDataProvider",
      "defaultValue": {
        "endpoint": "businessObjects/getall_Contact",
        "idAttribute": "id",
        "itemsPath": "items",
        "responseType": "getall_Contact"
      }
    }
  },
  "chains": {
    "navigateToContactDetailChain": {
      "root": "navigateToDetail",
      "actions": {
        "navigateToDetail": {
          "module": "vb/action/builtin/navigateToPageAction",
          "parameters": {
            "history": "push",
            "page": "contact-detail",
            "params": {
              "contactId": "{{ $chain.variables.contactId }}"
            }
          },
          "outcomes": {
            "success": ""
          }
        }
      },
      "variables": {
        "contactId": {
          "type": "number",
          "required": true,
          "input": "fromCaller"
        }
      }
    }
  },
  "eventListeners": {
    "ojListView1084814332Selection": {
      "chains": [{
        "chainId": "navigateToContactDetailChain",
        "parameters": {
          "contactId": "{{ $event.detail.value[0] }}"
        }
      }]
    },
    "img1084814331Click": {
      "chains": [{
        "chainId": "navigateToContactDetailChain",
        "parameters": {
          "contactId": "[[ $current.data.id ]]"
        }
      }]
    },
    "ojButton1084814331OjAction": {
      "chains": [{
        "chainId": "navigateToContactDetailChain",
        "parameters": {
          "contactId": "[[ $current.data.id ]]"
        }
      }]
    },
    "a1084814331Click": {
      "chains": [{
        "chainId": "navigateToContactDetailChain",
        "parameters": {
          "contactId": "[[ $current.data.id ]]"
        }
      }]
    }
  },
  "imports": {
    "components": {
      "oj-list-view": {
        "path": "ojs/ojlistview"
      },
      "oj-button": {
        "path": "ojs/ojbutton"
      }
    }
  },
  "types": {
    "@decorators.getall_Contact": {
      "endpoint": "getall_Contact",
      "service": "businessObjects",
      "path": "response"
    },
    "getall_Contact": {
      "items": [{
        "email": "string",
        "firstname": "string",
        "id": "number",
        "lastname": "string"
      }]
    }
  }
}