{
 "pageModelVersion": "18.2.3",
 "description": "Application Starter Page",
 "routerFlow": "main",
 "variables": {},
 "types": {},
 "chains": {
  "showNotificationChain": {
			"variables": {
				"eventPayload": {
					"type": "object"
				}
			},
			"root": "showNotificationBar",
			"actions": {
				"showNotificationBar": {
					"module": "vb/action/builtin/callComponentMethodAction",
					"parameters": {
						"component": "{{ $page.components.byId('vbDefaultNotifier') }}",
						"method": "show",
						"params": [
							"{{ $variables.eventPayload.type }}",
							"{{ $variables.eventPayload.message }}",
							"{{ $variables.eventPayload.displayMode === 'transient' }}"
						]
					}
				}
			}
		},
        "navigateToPage": {
            "root": "if1",
            "description": "",
            "variables": {
                "page": {
                    "type": "string",
                    "required": true,
                    "input": "fromCaller"
                },
                "navigate": {
                    "type": "boolean",
                    "required": true,
                    "input": "fromCaller"
                }
            },
            "actions": {
                "if1": {
                    "module": "vb/action/builtin/ifAction",
                    "parameters": {
                        "condition": "{{ $variables.navigate }}"
                    },
                    "outcomes": {
                        "true": "navigateToPage1"
                    }
                },
                "navigateToPage1": {
                    "module": "vb/action/builtin/navigateToPageAction",
                    "parameters": {
                        "history": "push",
                        "page": "[[ $variables.page ]]"
                    }
                }
            }
        }
 },
 "eventListeners": {
  "vbNotification": {
			"chains": [
				{
					"chainId": "showNotificationChain",
					"parameters": {
						"eventPayload": "{{ $event }}"
					}
				}
			]
		},
        "ojNavigationListSelection": {
            "chains": [
                {
                    "chainId": "navigateToPage",
                    "parameters": {
                        "page": "{{ $event.detail.value }}",
                        "navigate": "{{ $event.detail.updatedFrom !== 'external' }}"
                    }
                }
            ]
        }
 },
 "imports": {
		"components": {
			"oj-vb-message-bar": {
				"path": "vb/components/messagebar/loader"
			},
			"oj-menu": {
				"path": "ojs/ojmenu"
			},
			"oj-menu-button": {
				"path": "ojs/ojbutton"
			},
			"oj-option": {
				"path": "ojs/ojoption"
			},
			"oj-toolbar": {
				"path": "ojs/ojtoolbar"
			},
			"oj-navigation-list": {
				"path": "ojs/ojnavigationlist"
			}
		}
	}
}