{
  "title": "",
  "description": "",
  "variables": {
    "futureDate": {
      "type": "any"
    }
  },
  "metadata": {},
  "types": {},
  "chains": {
  },
  "eventListeners": {
    "ojButtonOjAction": {
      "chains": [
        {
          "chainId": "SubmitActionChain",
          "parameters": {
            "detail": "{{ $event.detail }}"
          }
        }
      ]
    },
    "vbEnter": {
      "chains": [
        {
          "chainId": "onPageLoad",
          "parameters": {}
        }
      ]
    }
  },
  "imports": {
    "components": {
      "oj-button": {
        "path": "ojs/ojbutton"
      },
      "oj-form-layout": {
        "path": "ojs/ojformlayout"
      },
      "oj-input-date": {
        "path": "ojs/ojdatetimepicker"
      },
      "oj-input-text": {
        "path": "ojs/ojinputtext"
      },
      "oj-validation-group": {
        "path": "ojs/ojvalidationgroup"
      }
    },
    "modules": {
      "ojValidationBase": {
        "path": "ojs/ojvalidation-base"
      }
    }
  }
}