{

  "title": "",
  "description": "",
  "variables": {
    "employeeListSDP": {
      "type": "vb/ServiceDataProvider",
      "defaultValue": {
        "endpoint": "businessObjects/getall_Employee",
        "keyAttributes": "id",
        "itemsPath": "items",
        "responseType": "page:getallEmployeeResponse"
      }
    },
    "selectedEmployeeIds": {
      "type": "number[]"
    },
    "firstSelectedItem": {
      "type": "object",
      "defaultValue": {}
    },
    "currentItemId": {
      "type": "string"
    }
  },
  "metadata": {},
  "types": {
    "@decorators.getallEmployeeResponse": {
      "endpoint": "getall_Employee",
      "service": "businessObjects",
      "path": "response"
    },
    "getallEmployeeResponse": {
      "items": [
        {
          "email": "string",
          "firstName": "string",
          "id": "number",
          "lastName": "string",
          "phoneNumber": "string",
          "salary": "number"
        }
      ]
    }
  },
  "chains": {
    "ListViewSelectedChangeChain": {
      "description": "",
      "variables": {
        "keys": {
          "required": true,
          "type": "any[]",
          "input": "fromCaller"
        }
      },
      "root": "assignVariables1",
      "actions": {
        "assignVariables1": {
          "module": "vb/action/builtin/assignVariablesAction",
          "parameters": {
            "$page.variables.selectedEmployeeIds": {
              "source": "{{ $chain.variables.keys }}"
            }
          }
        }
      }
    }
  },
  "eventListeners": {
    "listviewMultiselectSelected": {
      "chains": [
        {
          "chainId": "ListViewSelectedChangeChain",
          "parameters": {
            "keys": "{{Array.from($event.detail.value.values())}}"
          }
        }
      ]
    }
  },
  "imports": {
    "components": {
      "oj-form-layout": {
        "path": "ojs/ojformlayout"
      },
      "oj-select-one": {
        "path": "ojs/ojselectcombobox"
      },
      "oj-switch": {
        "path": "ojs/ojswitch"
      },
      "oj-option": {
        "path": "ojs/ojoption"
      },
      "oj-label": {
        "path": "ojs/ojlabel"
      },
      "oj-list-view": {
        "path": "ojs/ojlistview"
      },
      "oj-vb-list-item": {
        "path": "vb/components/list-item/loader"
      },
      "oj-avatar": {
        "path": "ojs/ojavatar"
      },
      "oj-selector": {
        "path": "ojs/ojselector"
      },
      "oj-text-area": {
        "path": "ojs/ojinputtext"
      }
    }
  }
}