{
    "displayLabel": "Expense Report",
    "fields": [
        {
            "displayLabel": "Id",
            "internal": true,
            "key": true,
            "name": "id",
            "oid": "825af95e-7257-4154-8c48-d38db9c457ac",
            "required": true,
            "type": "number",
            "unique": true
        },
        {
            "displayLabel": "Created",
            "internal": true,
            "name": "creationDate",
            "oid": "65de0c6f-776a-42e9-881a-6753ff944d30",
            "type": "datetime"
        },
        {
            "displayLabel": "Last Updated",
            "internal": true,
            "name": "lastUpdateDate",
            "oid": "be57e101-dec0-49ec-8214-7f916be3e531",
            "type": "datetime"
        },
        {
            "displayLabel": "Created By",
            "internal": true,
            "name": "createdBy",
            "oid": "2982f535-3acc-4348-a67a-9ed90036ac58",
            "type": "string"
        },
        {
            "displayLabel": "Last Updated By",
            "internal": true,
            "name": "lastUpdatedBy",
            "oid": "82dd44e4-2714-4825-a270-6dc24ee4b811",
            "type": "string"
        },
        {
            "displayLabel": "<internal>",
            "hidden": true,
            "internal": true,
            "name": "abcsChangeNumber",
            "oid": "e7befeae-f9bb-4738-b2e3-a915727beab4",
            "type": "number"
        },
        {
            "displayLabel": "Name",
            "name": "name",
            "oid": "316aafb7-f3d3-4005-9b28-7ae72bfebece",
            "type": "string"
        },
        {
            "displayLabel": "Start Date",
            "name": "startDate",
            "oid": "60b40dfb-4ed5-49f4-904e-1d528b9c533f",
            "type": "date"
        },
        {
            "displayLabel": "End Date",
            "name": "endDate",
            "oid": "af50daa1-df6c-49e0-8362-e7bd43b8fdd5",
            "type": "date"
        },
        {
            "displayLabel": "Country",
            "name": "country",
            "oid": "17868847-a255-4133-967b-c9836b9da301",
            "type": "reference"
        },
        {
            "displayLabel": "Description",
            "name": "description",
            "oid": "d6198912-ef61-41d2-af35-90a793321c12",
            "type": "string"
        },
        {
            "displayLabel": "Justification",
            "name": "justification",
            "oid": "d87af7d8-1efd-4d71-8973-517e36c8284d",
            "type": "string"
        },
        {
            "displayLabel": "Amount",
            "name": "amount",
            "oid": "0cd13774-3aa2-493c-85f8-52fb3c294d4a",
            "type": "number"
        },
        {
            "displayLabel": "Exchange Rate",
            "name": "exchangeRate",
            "oid": "a158796a-2a15-4f0f-b67a-a7e0e85e06a0",
            "type": "number"
        },
        {
            "displayLabel": "Amount In USD",
            "name": "amountInUSD",
            "oid": "87dce509-e8a3-41b6-aa16-1af8df0daf5b",
            "type": "string"
        }
    ],
    "name": "ExpenseReport",
    "oid": "b43153aa-52e5-40a3-890a-82138137ac71",
    "relationships": [
        {
            "deleteRule": "restrict",
            "exposeAccessor": true,
            "mappingField": "country",
            "name": "countryObject",
            "reverseRelationship": "expenseReportCollection",
            "targetEntity": "Country",
            "type": "outgoing"
        },
        {
            "displayField": "name",
            "exposeAccessor": false,
            "name": "lineItemCollection",
            "reverseRelationship": "expenseReportObject",
            "targetEntity": "LineItem",
            "type": "incoming"
        }
    ]
}