{
    "displayLabel": "City",
    "name": "City",
    "oid": "b6c2258b-1d68-4351-80f9-61605f5ca7db",
    "fields": [
        {
            "displayLabel": "Id",
            "internal": true,
            "unique": true,
            "name": "id",
            "oid": "bd9a31e2-1026-4a0e-bf53-f648078d9aba",
            "type": "number",
            "key": true,
            "required": true
        },
        {
            "displayLabel": "Created",
            "internal": true,
            "name": "creationDate",
            "oid": "9d49aa45-daff-4c1c-b030-34334ff14774",
            "type": "datetime"
        },
        {
            "displayLabel": "Last Updated",
            "internal": true,
            "name": "lastUpdateDate",
            "oid": "8e4e6ffc-2cad-4d01-8f30-fc0065f17f53",
            "type": "datetime"
        },
        {
            "displayLabel": "Created By",
            "internal": true,
            "name": "createdBy",
            "oid": "85e9810f-807a-4b7c-afa0-3519ba61c774",
            "type": "string"
        },
        {
            "displayLabel": "Last Updated By",
            "internal": true,
            "name": "lastUpdatedBy",
            "oid": "8cdbb499-1dc5-4d91-b979-779b74e4a8cf",
            "type": "string"
        },
        {
            "displayLabel": "<internal>",
            "internal": true,
            "hidden": true,
            "name": "abcsChangeNumber",
            "oid": "78e7c6d7-8433-4749-8fc7-e0b9488521b6",
            "type": "number"
        },
        {
            "displayLabel": "name",
            "name": "name",
            "oid": "f7601cd3-2902-4846-8200-e60b0ecb9019",
            "type": "string"
        },
        {
            "displayLabel": "country",
            "name": "country",
            "oid": "2c8e0e72-ab49-4ba9-a32e-0192f9700065",
            "type": "reference"
        }
    ],
    "relationships": [
        {
            "deleteRule": "restrict",
            "exposeAccessor": true,
            "mappingField": "country",
            "name": "countryObject",
            "reverseRelationship": "City.country.Collection",
            "targetEntity": "Country",
            "type": "outgoing"
        }
    ]
}