{
  "pageModelVersion": "2010.0.0",
  "title": "Edit Employee",
  "description": "Updates single Employee record",
  "variables": {
    "employee": {
      "type": "page:getEmployeeResponse"
    },
    "employeeETag": {
      "type": "string"
    },
    "employeeId": {
      "type": "string",
      "required": true,
      "input": "fromUrl"
    },
    "employeeListSDP": {
      "type": "vb/ServiceDataProvider",
      "defaultValue": {
        "endpoint": "businessObjects/getall_Employee",
        "keyAttributes": "id",
        "itemsPath": "items",
        "responseType": "page:getallEmployeeResponse",
        "uriParameters": {}
      }
    },
    "jobListSDP": {
      "type": "vb/ServiceDataProvider",
      "defaultValue": {
        "endpoint": "businessObjects/getall_Job",
        "keyAttributes": "id",
        "itemsPath": "items",
        "responseType": "page:getallJobResponse",
        "uriParameters": {}
      }
    },
    "saveEmployeeChainInProgress": {
      "type": "boolean",
      "defaultValue": false
    }
  },
  "metadata": {},
  "types": {
    "@decorators.getallEmployeeResponse": {
      "endpoint": "getall_Employee",
      "service": "businessObjects",
      "path": "response"
    },
    "@decorators.getallJobResponse": {
      "endpoint": "getall_Job",
      "service": "businessObjects",
      "path": "response"
    },
    "@decorators.getEmployeeResponse": {
      "endpoint": "get_Employee",
      "service": "businessObjects",
      "path": "response"
    },
    "businessObjectsServiceErrorResponseType": {
      "body": {
        "status": "string",
        "title": "string",
        "o:errorDetails": [
          {
            "detail": "string",
            "o:errorCode": "string"
          }
        ]
      },
      "status": "number"
    },
    "getallEmployeeResponse": {
      "items": [
        {
          "id": "number",
          "lastName": "string"
        }
      ]
    },
    "getallJobResponse": {
      "items": [
        {
          "id": "number",
          "jobTitle": "string"
        }
      ]
    },
    "getEmployeeResponse": {
      "job": "number",
      "lastName": "string",
      "manager": "number",
      "salary": "number"
    }
  },
  "chains": {
    "goBackChain": {
      "root": "navigateBack",
      "actions": {
        "navigateBack": {
          "module": "vb/action/builtin/navigateBackAction"
        }
      }
    },
    "loadEmployeeChain": {
      "root": "loadEmployee",
      "actions": {
        "loadEmployee": {
          "module": "vb/action/builtin/restAction",
          "parameters": {
            "endpoint": "businessObjects/get_Employee",
            "uriParams": {
              "Employee_Id": "[[ $page.variables.employeeId ]]"
            },
            "responseType": "page:getEmployeeResponse"
          },
          "outcomes": {
            "success": "assignPayload",
            "failure": "fireErrorNotification"
          }
        },
        "assignPayload": {
          "module": "vb/action/builtin/assignVariablesAction",
          "parameters": {
            "$page.variables.employee": {
              "source": "{{ $chain.results.loadEmployee.body }}"
            },
            "$page.variables.employeeETag": {
              "source": "[[ $chain.results.loadEmployee.headers.get('ETag') ]]"
            }
          }
        },
        "fireErrorNotification": {
          "module": "vb/action/builtin/fireNotificationEventAction",
          "parameters": {
            "summary": "Could not load data",
            "message": "{{ 'Could not load data: status ' + $chain.results.loadEmployee.payload.status }}",
            "type": "error",
            "displayMode": "persist"
          }
        }
      }
    },
    "saveEmployeeChain": {
      "variables": {
        "saveFailureResult": {
          "type": "page:businessObjectsServiceErrorResponseType"
        },
        "errorMessage": {
          "type": "string"
        },
        "saveHeaders": {
          "type": "object"
        }
      },
      "root": "markSaveStarted",
      "actions": {
        "markSaveStarted": {
          "module": "vb/action/builtin/assignVariablesAction",
          "parameters": {
            "$page.variables.saveEmployeeChainInProgress": {
              "source": true
            }
          },
          "outcomes": {
            "success": "validateEmployee"
          },
          "description": "Sets the progress variable to true",
          "label": "Mark Save in progress"
        },
        "validateEmployee": {
          "module": "vb/action/builtin/callChainAction",
          "parameters": {
            "id": "flow:validateFormChain",
            "params": {
              "validationGroupId": "validation-group"
            }
          },
          "outcomes": {
            "success": "isFormValid"
          },
          "label": "Validate",
          "description": "Validates Employee form"
        },
        "isFormValid": {
          "module": "vb/action/builtin/ifAction",
          "parameters": {
            "condition": "[[ $chain.results.validateEmployee === true ]]"
          },
          "outcomes": {
            "true": "checkETag",
            "false": "markSaveEnded"
          },
          "label": "Is Form valid",
          "description": "Tests if form passed validation"
        },
        "checkETag": {
          "module": "vb/action/builtin/ifAction",
          "parameters": {
            "condition": "[[ $page.variables.employeeETag ]]"
          },
          "outcomes": {
            "true": "assignIfMatchHeader",
            "false": "saveEmployee"
          }
        },
        "assignIfMatchHeader": {
          "module": "vb/action/builtin/assignVariablesAction",
          "parameters": {
            "$chain.variables.saveHeaders": {
              "source": "[[ { 'If-Match': $page.variables.employeeETag } ]]"
            }
          },
          "outcomes": {
            "success": "saveEmployee"
          }
        },
        "saveEmployee": {
          "module": "vb/action/builtin/restAction",
          "parameters": {
            "endpoint": "businessObjects/update_Employee",
            "body": "{{ $page.variables.employee }}",
            "requestType": "json",
            "uriParams": {
              "Employee_Id": "[[ $page.variables.employeeId ]]"
            },
            "headers": "[[ $chain.variables.saveHeaders ]]"
          },
          "outcomes": {
            "success": "assignPayload",
            "failure": "assignFailureResult"
          }
        },
        "assignPayload": {
          "module": "vb/action/builtin/assignVariablesAction",
          "parameters": {
            "$page.variables.employee": {
              "source": "{{ $chain.results.saveEmployee.body }}"
            },
            "$page.variables.employeeETag": {
              "source": "[[ $chain.results.saveEmployee.headers.get('ETag') ]]"
            }
          },
          "outcomes": {
            "success": "fireSuccessNotification"
          }
        },
        "fireSuccessNotification": {
          "module": "vb/action/builtin/fireNotificationEventAction",
          "parameters": {
            "summary": "Employee saved",
            "message": "Employee record successfully updated",
            "type": "confirmation",
            "displayMode": "transient"
          },
          "outcomes": {
            "success": "callGoBackChain"
          }
        },
        "callGoBackChain": {
          "module": "vb/action/builtin/callChainAction",
          "parameters": {
            "id": "goBackChain"
          },
          "outcomes": {
            "success": "markSaveEnded"
          }
        },
        "assignFailureResult": {
          "module": "vb/action/builtin/assignVariablesAction",
          "parameters": {
            "$chain.variables.saveFailureResult": {
              "source": "[[ $chain.results.saveEmployee.payload ]]"
            }
          },
          "outcomes": {
            "success": "testFailureDetails"
          }
        },
        "testFailureDetails": {
          "module": "vb/action/builtin/ifAction",
          "outcomes": {
            "true": "handleDetailedErrorMessage",
            "false": "handleDefaultErrorMessage"
          },
          "parameters": {
            "condition": "[[ $chain.variables.saveFailureResult.body['o:errorDetails'][0] ]]"
          }
        },
        "handleDetailedErrorMessage": {
          "module": "vb/action/builtin/assignVariablesAction",
          "outcomes": {
            "success": "fireErrorNotification"
          },
          "parameters": {
            "$chain.variables.errorMessage": {
              "source": "[[ $chain.variables.saveFailureResult.body['o:errorDetails'][0].detail ]]"
            }
          }
        },
        "handleDefaultErrorMessage": {
          "module": "vb/action/builtin/assignVariablesAction",
          "outcomes": {
            "success": "fireErrorNotification"
          },
          "parameters": {
            "$chain.variables.errorMessage": {
              "source": "[[ 'Could not update Employee: status ' + $chain.results.saveEmployee.payload.status ]]"
            }
          }
        },
        "fireErrorNotification": {
          "module": "vb/action/builtin/fireNotificationEventAction",
          "parameters": {
            "summary": "Save failed",
            "message": "[[ $chain.variables.errorMessage ]]",
            "type": "error",
            "displayMode": "persist"
          },
          "outcomes": {
            "success": "markSaveEnded"
          }
        },
        "markSaveEnded": {
          "module": "vb/action/builtin/assignVariablesAction",
          "parameters": {
            "$page.variables.saveEmployeeChainInProgress": {
              "source": false
            }
          },
          "description": "Sets the progress variable to false",
          "label": "Mark Save done"
        }
      }
    }
  },
  "eventListeners": {
    "backButtonClicked": {
      "chains": [
        {
          "chainId": "goBackChain"
        }
      ]
    },
    "saveButtonClicked": {
      "chains": [
        {
          "chainId": "saveEmployeeChain"
        }
      ]
    },
    "vbEnter": {
      "chains": [
        {
          "chainId": "loadEmployeeChain"
        }
      ]
    }
  },
  "imports": {
    "components": {
      "oj-validation-group": {
        "path": "ojs/ojvalidationgroup"
      },
      "oj-form-layout": {
        "path": "ojs/ojformlayout"
      },
      "oj-input-text": {
        "path": "ojs/ojinputtext"
      },
      "oj-select-one": {
        "path": "ojs/ojselectcombobox"
      },
      "oj-input-number": {
        "path": "ojs/ojinputnumber"
      },
      "oj-toolbar": {
        "path": "ojs/ojtoolbar"
      },
      "oj-button": {
        "path": "ojs/ojbutton"
      }
    }
  }
}