{
  "pageModelVersion": "18.1.1",
  "title": "My start page",
  "description": "The starting page of the app",
  "variables": {
    "selectedContinent": {
      "type": "any",
      "onValueChanged": {
        "chains": [
          {
            "chainId": "resetCountry",
            "parameters": {}
          }
        ]
      }
    },
    "selectedCountry": {
      "type": "any",
      "onValueChanged": {
        "chains": [
          {
            "chainId": "resetCity",
            "parameters": {}
          }
        ]
      }
    },
    "selectedCity": {
      "type": "any"
    },
    "continentListServiceDataProvider": {
      "type": "vb/ServiceDataProvider",
      "defaultValue": {
        "endpoint": "businessObjects/getall_Continent",
        "idAttribute": "id",
        "itemsPath": "items",
        "responseType": "flow:getallContinentResponse"
      }
    },
    "countryListServiceDataProvider": {
      "type": "vb/ServiceDataProvider",
      "defaultValue": {
        "endpoint": "businessObjects/getall_Country",
        "idAttribute": "id",
        "itemsPath": "items",
        "responseType": "flow:getallCountryResponse",
        "filterCriterion": {
          "criteria": [
            {
              "attribute": "continent",
              "op": "$eq",
              "value": "{{ $page.variables.selectedContinent }}"
            }
          ],
          "op": "$and"
        }
      }
    },
    "cityListServiceDataProvider": {
      "type": "vb/ServiceDataProvider",
      "defaultValue": {
        "endpoint": "businessObjects/getall_City",
        "idAttribute": "id",
        "itemsPath": "items",
        "responseType": "flow:getallCityResponse",
        "filterCriterion": {
          "criteria": [
            {
              "attribute": "country",
              "op": "$eq",
              "value": "{{ $page.variables.selectedCountry }}"
            }
          ],
          "op": "$and"          
        }
      }
    }
  },
  "chains": {
    "resetCountry": {
      "root": "assignVariables1",
      "description": "",
      "actions": {
        "assignVariables1": {
          "module": "vb/action/builtin/assignVariablesAction",
          "parameters": {
            "$page.variables.selectedCountry": {
              "source": "{{ '' }}"
            },
            "$page.variables.selectedCity": {
              "source": "{{ '' }}"
            }
          }
        }
      }
    },
    "resetCity": {
      "root": "assignVariables1",
      "description": "",
      "actions": {
        "assignVariables1": {
          "module": "vb/action/builtin/assignVariablesAction",
          "parameters": {
            "$page.variables.selectedCity": {
              "source": "{{ '' }}"
            }
          }
        }
      }
    }
  },
  "eventListeners": {
  },
  "imports": {
    "components": {
      "oj-label": {
        "path": "ojs/ojlabel"
      },
      "oj-select-one": {
        "path": "ojs/ojselectcombobox"
      },
      "oj-combobox-one": {
        "path": "ojs/ojselectcombobox"
      },
      "oj-button": {
        "path": "ojs/ojbutton"
      }
    }
  }
}