{
  "applicationModelVersion": "19.3.1",
  "id": "webapp1",
  "description": "A new VB app",
  "defaultPage": "shell",
  "chains": {},
  "services": {
    "businessObjects": {
      "path": "./services/businessObjects/service.json"
    }
  },
  "translations": {
    "app": {
      "path": "./resources/strings/app/nls/app-strings"
    }
  },
  "events": {
    "navigateToItem": {
      "payloadType": {
        "item": "string"
      }
    }
  },
  "types": {
    "getallContactsResponse": {
      "items": [{
        "id": "number",
        "firstName": "string",
        "lastName": "string",
        "company": "string",
        "email": "string",
        "phone": "string"
      }]
    },
    "createContactsRequest": {
      "firstName": "string",
      "lastName": "string",
      "company": "string",
      "email": "string",
      "phone": "string"
    },
    "getContactsResponse": {
      "firstName": "string",
      "lastName": "string",
      "company": "string",
      "email": "string",
      "phone": "string"
    }
  },
  "variables": {},
  "userConfig": {
    "type": "vb/DefaultSecurityProvider",
    "configuration": {},
    "embedding": "deny"
  },
  "security": {}
}