{
    "displayLabel": "Beer",
    "hidden": false,
    "name": "Beer",
    "oid": "18755bbb-d6ce-49c6-ad80-11ca1ccc94f8",
    "fields": [
        {
            "displayLabel": "Id",
            "internal": true,
            "hidden": false,
            "unique": true,
            "name": "id",
            "oid": "542b5362-1729-4494-aa65-114db60d9546",
            "type": "number",
            "key": true,
            "required": true
        },
        {
            "displayLabel": "Creation Date",
            "internal": true,
            "hidden": false,
            "name": "creationDate",
            "oid": "1684ae06-5e5c-46aa-b120-d896b4457abb",
            "type": "datetime",
            "key": false
        },
        {
            "displayLabel": "Last Update Date",
            "internal": true,
            "hidden": false,
            "name": "lastUpdateDate",
            "oid": "c8a26256-0aeb-44e2-a436-4716bdc9ddd3",
            "type": "datetime",
            "key": false
        },
        {
            "displayLabel": "Created By",
            "internal": true,
            "hidden": false,
            "name": "createdBy",
            "oid": "966c7d11-f3f2-41a7-813a-06a4365c3987",
            "type": "string",
            "key": false
        },
        {
            "displayLabel": "Last Updated By",
            "internal": true,
            "hidden": false,
            "name": "lastUpdatedBy",
            "oid": "544a6758-3d10-4834-8a3c-df601ffe8b4b",
            "type": "string",
            "key": false
        },
        {
            "displayLabel": "Update ID",
            "internal": true,
            "hidden": true,
            "name": "abcsChangeNumber",
            "oid": "8f381f70-d4a5-4184-80c3-9e7a3f44e2b6",
            "type": "number",
            "key": false
        },
        {
            "displayLabel": "name",
            "name": "name",
            "oid": "2d8e64ae-179b-4bba-ad63-17ae8405ea2e",
            "type": "string"
        },
        {
            "displayLabel": "alcoholPercentage",
            "name": "alcoholPercentage",
            "oid": "99e908f8-bc13-453e-a183-e16512759c6e",
            "type": "number"
        },
        {
            "displayLabel": "country",
            "name": "country",
            "oid": "b7626c29-3110-4f69-aa05-0b6893f5f73b",
            "type": "reference"
        },
        {
            "displayLabel": "beerType",
            "name": "beerType",
            "oid": "d8a7a918-5bc1-47e7-929a-e9cd79a45803",
            "type": "reference"
        }
    ],
    "relationships": [
        {
            "deleteRule": "restrict",
            "exposeAccessor": true,
            "mappingField": "country",
            "name": "countryObject",
            "reverseRelationship": "Beer.country.Collection",
            "targetEntity": "Country",
            "type": "outgoing"
        },
        {
            "deleteRule": "restrict",
            "exposeAccessor": true,
            "mappingField": "beerType",
            "name": "beerTypeObject",
            "reverseRelationship": "Beer.beerType.Collection",
            "targetEntity": "BeerType",
            "type": "outgoing"
        },
        {
            "displayField": "name",
            "exposeAccessor": true,
            "mappingField": "id",
            "name": "beerQualityCollection",
            "reverseRelationship": "beerObject",
            "targetEntity": "BeerQuality",
            "type": "incoming"
        }
    ]
}