{
    "fields": [
        {
            "hidden": false,
            "id": "id",
            "internal": true,
            "key": true,
            "oid": "271a9a0a-06cc-4f4c-839f-946a7a245ac1",
            "required": true,
            "singularName": "Id",
            "type": "number",
            "unique": true
        },
        {
            "hidden": false,
            "id": "creationDate",
            "internal": true,
            "key": false,
            "oid": "787743ac-2ffa-43d3-b464-96e83f351d07",
            "singularName": "Creation Date",
            "type": "datetime"
        },
        {
            "hidden": false,
            "id": "lastUpdateDate",
            "internal": true,
            "key": false,
            "oid": "e1dcbcd3-6aa0-41b3-8e25-0d74bebee867",
            "singularName": "Last Update Date",
            "type": "datetime"
        },
        {
            "hidden": false,
            "id": "createdBy",
            "internal": true,
            "key": false,
            "oid": "f703ec64-6c01-495d-9d59-f14880b52cd8",
            "singularName": "Created By",
            "type": "string"
        },
        {
            "hidden": false,
            "id": "lastUpdatedBy",
            "internal": true,
            "key": false,
            "oid": "3c5f7835-2b36-4c6d-98e4-a141085fce74",
            "singularName": "Last Updated By",
            "type": "string"
        },
        {
            "hidden": true,
            "id": "abcsChangeNumber",
            "internal": true,
            "key": false,
            "oid": "23bf477e-a5c4-415c-b6db-ec025c70d907",
            "singularName": "Update ID",
            "type": "number"
        },
        {
            "id": "displayName",
            "oid": "d02e1625-5a51-4b96-85c2-28f595c8c4cc",
            "singularName": "displayName",
            "type": "string"
        }
    ],
    "hidden": false,
    "id": "SessionType",
    "oid": "858b2f9e-e635-4c09-9c5a-040a932541cb",
    "singularName": "SessionType"
}