{
  "pageModelVersion": "18.1.1",
  "title": "Contact Detail",
  "description": "Displays record for Contacts",
  "variables": {
    "contactsRecord": {
      "type": "application:getContactsResponse"
    },
    "contactsId": {
      "type": "string",
      "required": true,
      "input": "fromUrl"
    }
  },
  "chains": {
    "goBackChain": {
      "root": "navigateBack",
      "actions": {
        "navigateBack": {
          "module": "vb/action/builtin/navigateBackAction",
          "outcomes": {
            "success": ""
          }
        }
      }
    },
    "loadContactsChain": {
      "root": "loadContacts",
      "actions": {
        "loadContacts": {
          "module": "vb/action/builtin/restAction",
          "parameters": {
            "endpoint": "businessObjects/get_Contacts",
            "requestType": "json",
            "uriParams": {
              "Contacts_Id": "{{ $page.variables.contactsId }}"
            }
          },
          "outcomes": {
            "success": "assignPayload",
            "failure": "fireErrorNotification"
          }
        },
        "assignPayload": {
          "module": "vb/action/builtin/assignVariablesAction",
          "parameters": {
            "$page.variables.contactsRecord": {
              "source": "{{ $chain.results.loadContacts.body }}"
            }
          },
          "outcomes": {}
        },
        "fireErrorNotification": {
          "module": "vb/action/builtin/fireNotificationEventAction",
          "parameters": {
            "message": "{{ 'Could not load data: status ' + $chain.results.loadContacts.payload.status }}",
            "type": "error",
            "displayMode": "persist"
          },
          "outcomes": {}
        }
      }
    },
    "navigateToDetails": {
      "description": "",
      "variables": {},
      "root": "navigateToPage1",
      "actions": {
        "navigateToPage1": {
          "module": "vb/action/builtin/navigateToPageAction",
          "parameters": {
            "history": "push",
            "page": "EditContact",
            "params": {
              "contactId": "{{ $page.variables.contactsId }}",
              "editContactVar": "{{ $page.variables.contactsRecord }}"
            }
          }
        }
      }
    }
  },
  "eventListeners": {
    "backButtonClicked": {
      "chains": [{
        "chainId": "goBackChain"
      }]
    },
    "vbEnter": {
      "chains": [{
        "chainId": "loadContactsChain"
      }]
    },
    "ojButton111641282Click": {
      "chains": [{
        "chainId": "navigateToDetails"
      }]
    }
  },
  "imports": {
    "components": {
      "oj-input-text": {
        "path": "ojs/ojinputtext"
      },
      "oj-form-layout": {
        "path": "ojs/ojformlayout"
      },
      "oj-toolbar": {
        "path": "ojs/ojtoolbar"
      },
      "oj-button": {
        "path": "ojs/ojbutton"
      }
    }
  }
}