{
  "pageModelVersion": "18.1.1",
  "title": "Create Contact",
  "description": "Creates new Contacts",
  "variables": {
    "contacts": {
      "type": "application:createContactsRequest"
    }
  },
  "chains": {
    "goBackChain": {
      "root": "navigateBack",
      "actions": {
        "navigateBack": {
          "module": "vb/action/builtin/navigateBackAction",
          "outcomes": {
            "success": ""
          }
        }
      }
    },
    "createContactsChain": {
      "root": "createContacts",
      "actions": {
        "createContacts": {
          "module": "vb/action/builtin/restAction",
          "parameters": {
            "endpoint": "businessObjects/create_Contacts",
            "body": "{{ $page.variables.contacts }}"
          },
          "outcomes": {
            "success": "fireSuccessNotification",
            "failure": "fireErrorNotification"
          }
        },
        "fireSuccessNotification": {
          "module": "vb/action/builtin/fireNotificationEventAction",
          "parameters": {
            "message": "",
            "type": "confirmation",
            "displayMode": "transient",
            "summary": "Contacts record successfully created"
          },
          "outcomes": {
            "success": "navigateBack"
          }
        },
        "fireErrorNotification": {
          "module": "vb/action/builtin/fireNotificationEventAction",
          "parameters": {
            "message": "",
            "type": "error",
            "displayMode": "persist",
            "summary": "{{ 'Could not create new Contacts: status ' + $chain.results.createContacts.payload.status }}"
          },
          "outcomes": {}
        },
        "navigateBack": {
          "module": "vb/action/builtin/navigateBackAction",
          "outcomes": {
            "success": ""
          }
        }
      }
    }
  },
  "eventListeners": {
    "backButtonClicked": {
      "chains": [{
        "chainId": "goBackChain"
      }]
    },
    "saveButtonClicked": {
      "chains": [{
        "chainId": "createContactsChain"
      }]
    }
  },
  "imports": {
    "components": {
      "oj-input-text": {
        "path": "ojs/ojinputtext"
      },
      "oj-form-layout": {
        "path": "ojs/ojformlayout"
      },
      "oj-toolbar": {
        "path": "ojs/ojtoolbar"
      },
      "oj-button": {
        "path": "ojs/ojbutton"
      }
    }
  }
}