{
    "fields": [
        {
            "hidden": false,
            "id": "id",
            "internal": true,
            "key": true,
            "oid": "acd7f340-2e11-4f27-97ba-97d5029b5e82",
            "required": true,
            "singularName": "Id",
            "type": "number",
            "unique": true
        },
        {
            "hidden": false,
            "id": "creationDate",
            "internal": true,
            "key": false,
            "oid": "e687128a-5b1d-4b19-b54f-f372996b5a68",
            "singularName": "Creation Date",
            "type": "datetime"
        },
        {
            "hidden": false,
            "id": "lastUpdateDate",
            "internal": true,
            "key": false,
            "oid": "64923114-aad4-4143-9e21-467a1c5fa7e6",
            "singularName": "Last Update Date",
            "type": "datetime"
        },
        {
            "hidden": false,
            "id": "createdBy",
            "internal": true,
            "key": false,
            "oid": "32f29e12-1e06-4fd4-ba27-a7e15a9979ce",
            "singularName": "Created By",
            "type": "string"
        },
        {
            "hidden": false,
            "id": "lastUpdatedBy",
            "internal": true,
            "key": false,
            "oid": "101af5f8-1efe-4de6-9324-2ab4c5013126",
            "singularName": "Last Updated By",
            "type": "string"
        },
        {
            "hidden": true,
            "id": "abcsChangeNumber",
            "internal": true,
            "key": false,
            "oid": "dfa42b7f-0c45-4fd6-bc95-848d0b6e1272",
            "singularName": "Update ID",
            "type": "number"
        },
        {
            "id": "name",
            "oid": "d5c8a127-0a21-4484-8257-bbef12b27fe0",
            "singularName": "Name",
            "type": "string"
        },
        {
            "id": "specialism",
            "oid": "2c8fe0e8-26b5-4acd-9db1-eb0c6a983544",
            "singularName": "Specialism",
            "type": "string"
        }
    ],
    "hidden": false,
    "id": "Speakers",
    "oid": "7eba6385-3cf6-446e-9892-df397f64e760",
    "singularName": "Speakers"
}