id,creationDate,lastUpdateDate,createdBy,lastUpdatedBy,name,specialism
1,2018-01-17T01:03:03,2018-01-17T01:03:03,sherry.yu@oracle.com,sherry.yu@oracle.com,John Smith,Hiding
2,2018-01-17T01:03:03,2018-01-17T01:03:03,sherry.yu@oracle.com,sherry.yu@oracle.com,Nancy Drew,Detecting
3,2018-01-17T01:03:03,2018-01-17T01:03:03,sherry.yu@oracle.com,sherry.yu@oracle.com,Bruce Muscles,Massage
4,2018-01-17T01:03:03,2018-01-17T01:03:03,sherry.yu@oracle.com,sherry.yu@oracle.com,Bob Monkhouse,Ancient Comedy
5,2018-01-17T01:03:03,2018-01-17T01:03:03,sherry.yu@oracle.com,sherry.yu@oracle.com,J K Rowling,Writing
