{
    "fieldValidators": [],
    "objectFunctions": [],
    "objectValidators": [],
    "triggers": [
        {
            "active": "active",
            "description": "If expense <= 200, set approved = Y and send email notification.\nIf expense > 200, send email notification that the expense is pending approval.",
            "displayName": "Auto-approve Expenses",
            "lastUpdate": "2017-12-21T22:19:06",
            "oid": "ae113131-c2e2-43f7-8ea1-40e8d80fd4d1",
            "scriptMimeType": "application/x-adf-groovy",
            "triggerEvents": [
                "BeforeInsert"
            ],
            "workflow": {
                "displayName": "If Amount <= 200",
                "type": "condition",
                "condition": {
                    "children": [
                        {
                            "tooltip": "",
                            "criteriaLhs": "amount",
                            "criteriaCond": "number:lessThanOrEquals",
                            "criteriaRhsInputMode": "static",
                            "criteriaRhsInput": 200,
                            "criteriaRhs": "200"
                        }
                    ],
                    "className": "criteria-group-row-outermost",
                    "matchChoice": "all",
                    "tooltip": ""
                },
                "nodeType": "criterion",
                "outcomes": {
                    "true": {
                        "displayName": "Set Approved = true",
                        "methodDefinition": {
                            "typeId": "workflowUpdateRecord",
                            "archetypeId": "WorkflowPage__ExpensesDetailArchetype",
                            "vars": {
                                "entityPath": "primary",
                                "valueUpdates": "[{\"fieldId\":\"approved\",\"expressionValue\":\"=true\",\"staticValue\":\"true\",\"inputMode\":\"static\"}]",
                                "methodName": "onExpensesActionGroupExecute",
                                "pageEvent": "actionGroupExecute"
                            },
                            "outcomeHandlers": {
                                "done": {
                                    "inputName": "workflowUpdateRecordDoneResult",
                                    "method": {
                                        "typeId": "emailNotification",
                                        "archetypeId": "WorkflowPage__ExpensesDetailArchetype",
                                        "vars": {
                                            "to": "{\"expressionValue\":\"='nobody@oracle.com'\",\"staticValue\":\"nobody@oracle.com\",\"inputMode\":\"static\"}",
                                            "from": "{\"expressionValue\":\"='nobody@oracle.com'\",\"staticValue\":\"nobody@oracle.com\",\"inputMode\":\"static\"}",
                                            "templateId": "-1",
                                            "emailTemplate": "{\"subject\":\"Your expense of [[Amount]] has been automatically approved.\",\"body\":\"<p>Your expense has been automatically approved!</p><p>Description:&nbsp;[[Description]]</p><p>Category:&nbsp;[[Category]]</p><p>Amount:&nbsp;[[Amount]]</p><p>Date:&nbsp;[[Date]]</p>\"}",
                                            "templateValues": "[{\"expressionValue\":\"=amount\",\"inputMode\":\"expression\",\"parameter\":\"Amount\"},{\"expressionValue\":\"=category\",\"referenceValue\":\"category\",\"inputMode\":\"reference\",\"parameter\":\"Category\"},{\"expressionValue\":\"=dateIncurred\",\"inputMode\":\"expression\",\"parameter\":\"Date\"},{\"expressionValue\":\"=description\",\"referenceValue\":\"description\",\"inputMode\":\"reference\",\"parameter\":\"Description\"}]"
                                        },
                                        "outcomeHandlers": {}
                                    }
                                }
                            }
                        },
                        "nodeType": "actionGroup",
                        "after": {
                            "for": "criteria",
                            "nodeType": "terminus",
                            "type": "end"
                        }
                    },
                    "false": {
                        "displayName": "If Amount > 200",
                        "type": "condition",
                        "condition": {
                            "children": [
                                {
                                    "tooltip": "",
                                    "criteriaLhs": "amount",
                                    "criteriaCond": "number:greaterThan",
                                    "criteriaRhsInputMode": "static",
                                    "criteriaRhsInput": 200,
                                    "criteriaRhs": "200"
                                }
                            ],
                            "className": "criteria-group-row-outermost",
                            "matchChoice": "all",
                            "tooltip": ""
                        },
                        "nodeType": "criterion",
                        "outcomes": {
                            "false": {
                                "for": "trigger",
                                "nodeType": "terminus",
                                "type": "end"
                            },
                            "true": {
                                "displayName": "Send email",
                                "methodDefinition": {
                                    "typeId": "emailNotification",
                                    "archetypeId": "WorkflowPage__ExpensesDetailArchetype",
                                    "vars": {
                                        "to": "{\"expressionValue\":\"='nobody@oracle.com'\",\"staticValue\":\"nobody@oracle.com\",\"inputMode\":\"static\"}",
                                        "from": "{\"expressionValue\":\"='nobody@oracle.com'\",\"staticValue\":\"nobody@oracle.com\",\"inputMode\":\"static\"}",
                                        "templateId": "-1",
                                        "emailTemplate": "{\"subject\":\"Your expense of [[Amount]] has been submitted.\",\"body\":\"<p>Your expense has been submitted and is pending approval.&nbsp;</p><p>Amount:&nbsp;[[Amount]]</p><p>Date:&nbsp;[[Date]]</p><p>Description:&nbsp;[[Description]]</p><p>Category:&nbsp;[[Category]]</p>\"}",
                                        "templateValues": "[{\"expressionValue\":\"=amount\",\"inputMode\":\"expression\",\"parameter\":\"Amount\"},{\"expressionValue\":\"=category\",\"referenceValue\":\"category\",\"inputMode\":\"reference\",\"parameter\":\"Category\"},{\"expressionValue\":\"=dateIncurred\",\"inputMode\":\"expression\",\"parameter\":\"Date\"},{\"expressionValue\":\"=description\",\"referenceValue\":\"description\",\"inputMode\":\"reference\",\"parameter\":\"Description\"}]",
                                        "methodName": "onExpensesActionGroupExecute",
                                        "pageEvent": "actionGroupExecute"
                                    },
                                    "outcomeHandlers": {}
                                },
                                "nodeType": "actionGroup",
                                "after": {
                                    "for": "criteria",
                                    "nodeType": "terminus",
                                    "type": "end"
                                }
                            }
                        }
                    }
                }
            },
            "undefined": {}
        }
    ]
}