{
    "fields": [
        {
            "id": "id",
            "internal": true,
            "key": true,
            "oid": "265ecf4e-5c46-4c11-8287-f75efea7464e",
            "required": true,
            "singularName": "Id",
            "type": "number",
            "unique": true
        },
        {
            "id": "creationDate",
            "internal": true,
            "oid": "e668067c-be95-4807-b65e-088202f9b100",
            "singularName": "Created",
            "type": "datetime"
        },
        {
            "id": "lastUpdateDate",
            "internal": true,
            "oid": "c7b3b79a-0cb4-409a-a37a-06f65515e9b3",
            "singularName": "Last Updated",
            "type": "datetime"
        },
        {
            "id": "createdBy",
            "internal": true,
            "oid": "b1caa0c4-42fe-4235-98f4-cd0d38a8a00c",
            "singularName": "Created By",
            "type": "string"
        },
        {
            "id": "lastUpdatedBy",
            "internal": true,
            "oid": "03d91c8c-6970-4c59-9336-e6961bb6a245",
            "singularName": "Last Updated By",
            "type": "string"
        },
        {
            "hidden": true,
            "id": "abcsChangeNumber",
            "internal": true,
            "oid": "b1cdde64-4ff0-4449-a8b8-38341e26a5fa",
            "singularName": "<internal>",
            "type": "number"
        },
        {
            "id": "description",
            "oid": "4a1ecf51-cfe9-49af-bd7b-fd397f5ea1c9",
            "singularName": "Description",
            "type": "string"
        },
        {
            "id": "amount",
            "oid": "7be47cdc-4c3d-4260-9227-42af51967420",
            "singularName": "Amount",
            "type": "number"
        },
        {
            "id": "dateIncurred",
            "oid": "a8220948-d6f4-4a44-8ff3-fcd2dc87f980",
            "singularName": "Date Incurred",
            "type": "date"
        },
        {
            "id": "category",
            "oid": "50dc8d24-2321-4836-b49e-6c7314f45e31",
            "singularName": "Category",
            "type": "string"
        },
        {
            "id": "approved",
            "oid": "654e1914-48ef-4deb-82b8-37f59d185756",
            "singularName": "Approved",
            "type": "boolean"
        }
    ],
    "id": "Expenses",
    "oid": "e1aa9bbf-1cbe-441e-aeb8-eb66d1747ef0",
    "singularName": "Expenses",
    "triggers": [
        {
            "definition": "// Trigger Beginning \nprintln 'Trigger started: Auto-approve Expenses, business object: Expenses, event: BeforeInsert';\n\ntry {\n\n  // Execute Conditionally Criterion (If Amount <= 200)\n  def codeCriterion_1 = (amount <= 200);\n  println \"Trigger condition (amount <= 200) is \" + codeCriterion_1;\n  if (codeCriterion_1) {\n    // Action Group (Set Approved = true)\n    approved = true;\n\n    def recipients = 'sherry.yu@oracle.com';\n    def sender = 'nobody@oracle.com';\n    def variables = [:];\n    variables[\"Amount\"] = String.valueOf({ amount }());\n    variables[\"Category\"] = String.valueOf(category);\n    variables[\"Date\"] = String.valueOf({ dateIncurred }());\n    variables[\"Description\"] = String.valueOf(description);\n\n    def subject = \"Your expense of [[Amount]] has been automatically approved.\";\n    def body = \"<p>Your expense has been automatically approved!</p><p>Description:&nbsp;[[Description]]</p><p>Category:&nbsp;[[Category]]</p><p>Amount:&nbsp;[[Amount]]</p><p>Date:&nbsp;[[Date]]</p>\";\n    com.oracle.breeze.ramp.helpers.Email.send(recipients, sender, subject, body, variables);\n\n    return;\n  }\n  // Execute Conditionally Criterion (If Amount > 200)\n  def codeCriterion_2 = (amount > 200);\n  println \"Trigger condition (amount > 200) is \" + codeCriterion_2;\n  if (codeCriterion_2) {\n    // Action Group (Send email)\n    def recipients = 'sherry.yu@oracle.com';\n    def sender = 'nobody@oracle.com';\n    def variables = [:];\n    variables[\"Amount\"] = String.valueOf({ amount }());\n    variables[\"Category\"] = String.valueOf(category);\n    variables[\"Date\"] = String.valueOf({ dateIncurred }());\n    variables[\"Description\"] = String.valueOf(description);\n\n    def subject = \"Your expense of [[Amount]] has been submitted.\";\n    def body = \"<p>Your expense has been submitted and is pending approval.&nbsp;</p><p>Amount:&nbsp;[[Amount]]</p><p>Date:&nbsp;[[Date]]</p><p>Description:&nbsp;[[Description]]</p><p>Category:&nbsp;[[Category]]</p>\";\n    com.oracle.breeze.ramp.helpers.Email.send(recipients, sender, subject, body, variables);\n\n    return;\n  }\n\n} finally {\n\n  // Trigger End \n  println 'Trigger ended: Auto-approve Expenses';\n\n}",
            "displayName": "Auto-approve Expenses",
            "name": "BeforeInsert_Rule_0",
            "refId": "ae113131-c2e2-43f7-8ea1-40e8d80fd4d1",
            "type": "BeforeInsert"
        }
    ],
    "security": {
        "type": "local",
        "acl": [
            {
                "roleId": "approle.anonymous.user",
                "privileges": [
                    {
                        "name": "view",
                        "value": true
                    },
                    {
                        "name": "create",
                        "value": true
                    },
                    {
                        "name": "update",
                        "value": true
                    },
                    {
                        "name": "delete",
                        "value": true
                    }
                ]
            },
            {
                "roleId": "approle.authenticated.user",
                "privileges": [
                    {
                        "name": "view",
                        "value": true
                    },
                    {
                        "name": "create",
                        "value": true
                    },
                    {
                        "name": "update",
                        "value": true
                    },
                    {
                        "name": "delete",
                        "value": true
                    }
                ]
            }
        ]
    }
}