{
    "fields": [
        {
            "hidden": false,
            "id": "id",
            "internal": true,
            "key": true,
            "oid": "c35e1108-b335-46e3-940d-6959d24cac98",
            "required": true,
            "singularName": "Id",
            "type": "number",
            "unique": true
        },
        {
            "hidden": false,
            "id": "creationDate",
            "internal": true,
            "key": false,
            "oid": "626b7d4a-5cd2-4a63-9d4f-d4c1742e7a47",
            "singularName": "Creation Date",
            "type": "datetime"
        },
        {
            "hidden": false,
            "id": "lastUpdateDate",
            "internal": true,
            "key": false,
            "oid": "ee5301b2-df67-4cfd-94e6-4069e2c6c7ce",
            "singularName": "Last Update Date",
            "type": "datetime"
        },
        {
            "hidden": false,
            "id": "createdBy",
            "internal": true,
            "key": false,
            "oid": "caa854fd-c484-4bd3-8b2b-d954598f7c44",
            "singularName": "Created By",
            "type": "string"
        },
        {
            "hidden": false,
            "id": "lastUpdatedBy",
            "internal": true,
            "key": false,
            "oid": "20cdb217-e088-4f6f-aa29-13570e008272",
            "singularName": "Last Updated By",
            "type": "string"
        },
        {
            "hidden": true,
            "id": "abcsChangeNumber",
            "internal": true,
            "key": false,
            "oid": "b4349573-66b0-45ee-bee2-94da57cfa59b",
            "singularName": "Update ID",
            "type": "number"
        },
        {
            "id": "name",
            "oid": "5eba0a07-afe6-4ff6-b191-5cd851b3be95",
            "singularName": "name",
            "type": "string"
        }
    ],
    "hidden": false,
    "id": "Country",
    "oid": "683ff9bc-7604-42e8-9f94-c8a54e17eb36",
    "singularName": "Country"
}