{
    "displayLabel": "Quality",
    "hidden": false,
    "name": "Quality",
    "oid": "fea9a33b-c99a-4e33-9ea7-6b1057b1fce3",
    "fields": [
        {
            "displayLabel": "Id",
            "internal": true,
            "hidden": false,
            "unique": true,
            "name": "id",
            "oid": "22ffbf54-c2b1-4075-bda0-d06b07ecbdae",
            "type": "number",
            "key": true,
            "required": true
        },
        {
            "displayLabel": "Creation Date",
            "internal": true,
            "hidden": false,
            "name": "creationDate",
            "oid": "7aff5782-e57e-488c-b6fb-2e655a7c67c7",
            "type": "datetime",
            "key": false
        },
        {
            "displayLabel": "Last Update Date",
            "internal": true,
            "hidden": false,
            "name": "lastUpdateDate",
            "oid": "dc396acb-7d5f-4562-9f0e-5d43a8332ff4",
            "type": "datetime",
            "key": false
        },
        {
            "displayLabel": "Created By",
            "internal": true,
            "hidden": false,
            "name": "createdBy",
            "oid": "a463535b-e10f-47a8-8b6a-39652b759ffd",
            "type": "string",
            "key": false
        },
        {
            "displayLabel": "Last Updated By",
            "internal": true,
            "hidden": false,
            "name": "lastUpdatedBy",
            "oid": "a4f3d1be-85ec-46ab-b451-1daef5d1ce36",
            "type": "string",
            "key": false
        },
        {
            "displayLabel": "Update ID",
            "internal": true,
            "hidden": true,
            "name": "abcsChangeNumber",
            "oid": "440ace1d-5010-4061-8735-1942ddaa61ec",
            "type": "number",
            "key": false
        },
        {
            "displayLabel": "name",
            "name": "name",
            "oid": "a6b5bf25-9fbd-4c1d-969a-e5fd36dcaa65",
            "type": "string"
        }
    ],
    "relationships": [
        {
            "displayField": "name",
            "exposeAccessor": true,
            "mappingField": "id",
            "name": "beerQualityCollection",
            "reverseRelationship": "qualityObject",
            "targetEntity": "BeerQuality",
            "type": "incoming"
        }
    ]
}