{
    "displayLabel": "Country",
    "fields": [
        {
            "displayLabel": "Id",
            "hidden": false,
            "internal": true,
            "key": true,
            "name": "id",
            "oid": "742aef60-2bac-40c7-aceb-6693707f1099",
            "required": true,
            "type": "number",
            "unique": true
        },
        {
            "displayLabel": "Creation Date",
            "hidden": false,
            "internal": true,
            "key": false,
            "name": "creationDate",
            "oid": "fc936011-681a-49cf-b17e-2a425d48293e",
            "type": "datetime"
        },
        {
            "displayLabel": "Last Update Date",
            "hidden": false,
            "internal": true,
            "key": false,
            "name": "lastUpdateDate",
            "oid": "a50dde59-8804-4e0d-be89-427c8a89dfd6",
            "type": "datetime"
        },
        {
            "displayLabel": "Created By",
            "hidden": false,
            "internal": true,
            "key": false,
            "name": "createdBy",
            "oid": "faa7eb1b-3cd6-445d-a95f-8bdc2ef766f4",
            "type": "string"
        },
        {
            "displayLabel": "Last Updated By",
            "hidden": false,
            "internal": true,
            "key": false,
            "name": "lastUpdatedBy",
            "oid": "28bba482-da46-482a-aaac-e59d5b864190",
            "type": "string"
        },
        {
            "displayLabel": "Update ID",
            "hidden": true,
            "internal": true,
            "key": false,
            "name": "abcsChangeNumber",
            "oid": "4a950b50-d1dd-4155-b0f2-4d9af77c605b",
            "type": "number"
        },
        {
            "displayLabel": "Name",
            "name": "name",
            "oid": "c454b901-83fe-4f02-833d-e09d85354ec0",
            "type": "string"
        },
        {
            "displayLabel": "Currency",
            "name": "currency",
            "oid": "f2bd7329-97f3-4b3f-8f33-6974aa33f7c7",
            "type": "string"
        },
        {
            "displayLabel": "Code",
            "name": "code",
            "oid": "f927c354-0500-4e74-be80-d7a1107eaa2a",
            "type": "string"
        }
    ],
    "hidden": false,
    "name": "Country",
    "oid": "273dbfe0-e8b4-4743-8c24-00be2d27fb00",
    "relationships": [
        {
            "displayField": "name",
            "exposeAccessor": false,
            "mappingField": "id",
            "name": "ExpenseReport.country.Collection",
            "reverseRelationship": "countryObject",
            "targetEntity": "ExpenseReport",
            "type": "incoming"
        }
    ]
}