{
    "applicationModelVersion": "1.0.0",
    "id": "starter",
    "description": "Expenses",
    "shellPage": "shell",
    "defaultPage": "ListExpenses",
    "pages": [
        "start",
        "CreateExpense",
        "ListExpenses"
    ],
    "chains": {},
    "services": {
        "businessObjects": "../../services/businessObjects/service.json"
    },
    "types": {
        "getallExpensesResponse": {
            "items": [
                {
                    "id": "number",
                    "description": "string",
                    "amount": "number",
                    "dateIncurred": "string",
                    "category": "string",
                    "approved": "boolean"
                }
            ]
        },
        "createExpensesRequest": {
            "description": "string",
            "amount": "number",
            "dateIncurred": "string",
            "category": "string"
        }
    },
    "variables": {},
    "userConfig": {
        "type": "vb/UserSecurityProvider",
        "configuration": {}
    }
}