{
    "applicationModelVersion": "18.1.1",
    "id": "starter",
    "description": "A new VB app",
    "shellPage": "shell",
    "defaultPage": "start",
    "pages": [
        "start"
    ],
    "chains": {},
    "services": {
        "businessObjects": "../../services/businessObjects/service.json"
    },
    "types": {
        "getallDepartmentResponse": {
            "items": [
                {
                    "id": "number",
                    "name": "string",
                    "location": "string",
                    "budget": "number"
                }
            ]
        },
        "getallEmployeeResponse2": {
            "items": [
                {
                    "id": "number",
                    "firstname": "string",
                    "lastname": "string",
                    "title": "string"
                }
            ]
        },
        "get_Employee": {
            "id": "number",
            "firstname": "string",
            "lastname": "string",
            "title": "string",
            "salary": "number",
            "hiredate": "string",
            "isEmployed": "boolean"
        }
    },
    "variables": {},
    "userConfig": {
        "type": "vb/UserSecurityProvider",
        "configuration": {}
    }
}