{
    "basePath": "/v1",
    "definitions": {
        "Averagingperiod": {
            "properties": {
                "unit": {
                    "type": "string"
                },
                "value": {
                    "type": "number"
                }
            },
            "type": "object"
        },
        "Coordinate": {
            "properties": {
                "latitude": {
                    "type": "number"
                },
                "longitude": {
                    "type": "number"
                }
            },
            "type": "object"
        },
        "Getlatest": {
            "properties": {
                "meta": {
                    "$ref": "#/definitions/Meta"
                },
                "results": {
                    "items": {
                        "$ref": "#/definitions/Result"
                    },
                    "type": "array"
                }
            },
            "type": "object"
        },
        "Getlocation": {
            "properties": {
                "meta": {
                    "$ref": "#/definitions/Meta"
                },
                "results": {
                    "items": {
                        "$ref": "#/definitions/Result"
                    },
                    "type": "array"
                }
            },
            "type": "object"
        },
        "Measurement": {
            "properties": {
                "averagingPeriod": {
                    "$ref": "#/definitions/Averagingperiod"
                },
                "lastUpdated": {
                    "type": "string"
                },
                "parameter": {
                    "type": "string"
                },
                "sourceName": {
                    "type": "string"
                },
                "unit": {
                    "type": "string"
                },
                "value": {
                    "type": "number"
                }
            },
            "type": "object"
        },
        "Meta": {
            "properties": {
                "found": {
                    "type": "number"
                },
                "license": {
                    "type": "string"
                },
                "limit": {
                    "type": "number"
                },
                "name": {
                    "type": "string"
                },
                "page": {
                    "type": "number"
                },
                "website": {
                    "type": "string"
                }
            },
            "type": "object"
        },
        "Result": {
            "properties": {
                "city": {
                    "type": "string"
                },
                "coordinates": {
                    "$ref": "#/definitions/Coordinate"
                },
                "country": {
                    "type": "string"
                },
                "location": {
                    "type": "string"
                },
                "measurements": {
                    "items": {
                        "$ref": "#/definitions/Measurement"
                    },
                    "type": "array"
                }
            },
            "type": "object"
        }
    },
    "host": "api.openaq.org",
    "info": {
        "title": "airquality",
        "version": "1.0.0",
        "x-vb": {
            "dt-serviceAuthentication": {
                "type": "none"
            },
            "dt-wizardType": "rest"
        }
    },
    "paths": {
        "/latest": {
            "get": {
                "consumes": [
                    "application/json"
                ],
                "operationId": "getLatest",
                "parameters": [
                    {
                        "in": "query",
                        "name": "location",
                        "type": "string"
                    }
                ],
                "produces": [
                    "application/json"
                ],
                "responses": {
                    "default": {
                        "description": "The content returned by the server.",
                        "examples": {
                            "application/json": "{\n    \"meta\": {\n        \"name\": \"openaq-api\",\n        \"license\": \"CC BY 4.0\",\n        \"website\": \"https://docs.openaq.org/\",\n        \"page\": 1,\n        \"limit\": 100,\n        \"found\": 1\n    },\n    \"results\": [\n        {\n            \"location\": \"San Francisco\",\n            \"city\": \"San Francisco-Oakland-Fremont\",\n            \"country\": \"US\",\n            \"measurements\": [\n                {\n                    \"parameter\": \"co\",\n                    \"value\": 0.4300000071525574,\n                    \"lastUpdated\": \"2017-11-09T15:00:00.000Z\",\n                    \"unit\": \"ppm\",\n                    \"sourceName\": \"AirNow\",\n                    \"averagingPeriod\": {\n                        \"value\": 1,\n                        \"unit\": \"hours\"\n                    }\n                },\n                {\n                    \"parameter\": \"o3\",\n                    \"value\": 0.010999999940395355,\n                    \"lastUpdated\": \"2017-11-09T15:00:00.000Z\",\n                    \"unit\": \"ppm\",\n                    \"sourceName\": \"AirNow\",\n                    \"averagingPeriod\": {\n                        \"value\": 1,\n                        \"unit\": \"hours\"\n                    }\n                },\n                {\n                    \"parameter\": \"no2\",\n                    \"value\": 0.03500000014901161,\n                    \"lastUpdated\": \"2017-11-09T15:00:00.000Z\",\n                    \"unit\": \"ppm\",\n                    \"sourceName\": \"AirNow\",\n                    \"averagingPeriod\": {\n                        \"value\": 1,\n                        \"unit\": \"hours\"\n                    }\n                },\n                {\n                    \"parameter\": \"pm25\",\n                    \"value\": 8,\n                    \"lastUpdated\": \"2017-11-09T15:00:00.000Z\",\n                    \"unit\": \"µg/m³\",\n                    \"sourceName\": \"AirNow\",\n                    \"averagingPeriod\": {\n                        \"value\": 1,\n                        \"unit\": \"hours\"\n                    }\n                }\n            ],\n            \"coordinates\": {\n                \"latitude\": 37.76580047607422,\n                \"longitude\": -122.39779663085938\n            }\n        }\n    ]\n}"
                        },
                        "schema": {
                            "$ref": "#/definitions/Getlatest"
                        }
                    },
                    "x-vb": {
                        "inferred": {
                            "default": true
                        }
                    }
                },
                "x-vb-actionHint": "retrieveMany"
            }
        },
        "/locations": {
            "get": {
                "consumes": [
                    "application/json"
                ],
                "operationId": "getLocations",
                "parameters": [
                    {
                        "in": "query",
                        "name": "coordinates",
                        "type": "string"
                    },
                    {
                        "in": "query",
                        "name": "nearest",
                        "type": "number"
                    }
                ],
                "produces": [
                    "application/json"
                ],
                "responses": {
                    "default": {
                        "description": "The content returned by the server.",
                        "examples": {
                            "application/json": "{\n    \"meta\": {\n        \"name\": \"openaq-api\",\n        \"license\": \"CC BY 4.0\",\n        \"website\": \"https://docs.openaq.org/\",\n        \"page\": 1,\n        \"limit\": 100,\n        \"found\": 8008\n    },\n    \"results\": [\n        {\n            \"location\": \"100 ail\",\n            \"city\": \"Ulaanbaatar\",\n            \"country\": \"MN\",\n            \"count\": 283772,\n            \"sourceNames\": [\n                \"Agaar.mn\"\n            ],\n            \"lastUpdated\": \"2017-11-09T18:00:00.000Z\",\n            \"firstUpdated\": \"2015-09-01T00:00:00.000Z\",\n            \"parameters\": [\n                \"pm10\",\n                \"so2\",\n                \"o3\",\n                \"co\",\n                \"no2\"\n            ],\n            \"sourceName\": \"Agaar.mn\",\n            \"coordinates\": {\n                \"latitude\": 47.93290710449219,\n                \"longitude\": 106.92138671875\n            }\n        },\n        {\n            \"location\": \"16th and Whitmore\",\n            \"city\": \"Omaha-Council Bluffs\",\n            \"country\": \"US\",\n            \"count\": 20248,\n            \"sourceNames\": [\n                \"AirNow\"\n            ],\n            \"lastUpdated\": \"2017-11-09T15:00:00.000Z\",\n            \"firstUpdated\": \"2016-03-06T19:00:00.000Z\",\n            \"parameters\": [\n                \"o3\",\n                \"so2\"\n            ],\n            \"sourceName\": \"AirNow\",\n            \"coordinates\": {\n                \"latitude\": 41.322471618652344,\n                \"longitude\": -95.93798828125\n            }\n        },\n        {\n            \"location\": \"1NL Navajo Lake\",\n            \"city\": \"Farmington\",\n            \"country\": \"US\",\n            \"count\": 6731,\n            \"sourceNames\": [\n                \"AirNow\"\n            ],\n            \"lastUpdated\": \"2017-01-13T15:00:00.000Z\",\n            \"firstUpdated\": \"2016-03-06T19:00:00.000Z\",\n            \"parameters\": [\n                \"o3\"\n            ],\n            \"sourceName\": \"AirNow\",\n            \"coordinates\": {\n                \"latitude\": 36.80970001220703,\n                \"longitude\": -107.65170288085938\n            }\n        },\n        {\n            \"location\": \"21 de mayo\",\n            \"city\": \"Los Angeles\",\n            \"country\": \"CL\",\n            \"count\": 33279,\n            \"sourceNames\": [\n                \"Chile - SINCA\"\n            ],\n            \"lastUpdated\": \"2017-11-09T18:00:00.000Z\",\n            \"firstUpdated\": \"2015-09-23T14:00:00.000Z\",\n            \"parameters\": [\n                \"pm25\",\n                \"pm10\"\n            ],\n            \"sourceName\": \"Chile - SINCA\",\n            \"coordinates\": {\n                \"latitude\": -37.47118377685547,\n                \"longitude\": -72.36146545410156\n            }\n        },\n        {\n            \"location\": \"22nd Street & Craycr\",\n            \"city\": \"Tucson\",\n            \"country\": \"US\",\n            \"count\": 12466,\n            \"sourceNames\": [\n                \"AirNow\"\n            ],\n            \"lastUpdated\": \"2017-11-09T15:00:00.000Z\",\n            \"firstUpdated\": \"2016-03-06T19:00:00.000Z\",\n            \"parameters\": [\n                \"o3\"\n            ],\n            \"sourceName\": \"AirNow\",\n            \"coordinates\": {\n                \"latitude\": 32.20500183105469,\n                \"longitude\": -110.877197265625\n            }\n        },\n        {\n            \"location\": \"24th & O\",\n            \"city\": \"Omaha-Council Bluffs\",\n            \"country\": \"US\",\n            \"count\": 8512,\n            \"sourceNames\": [\n                \"AirNow\"\n            ],\n            \"lastUpdated\": \"2017-11-01T11:00:00.000Z\",\n            \"firstUpdated\": \"2016-04-05T12:00:00.000Z\",\n            \"parameters\": [\n                \"o3\"\n            ],\n            \"sourceName\": \"AirNow\",\n            \"coordinates\": {\n                \"latitude\": 41.20808410644531,\n                \"longitude\": -95.94744110107422\n            }\n        },\n        {\n            \"location\": \"2912 Coffey\",\n            \"city\": \"Omaha-Council Bluffs\",\n            \"country\": \"US\",\n            \"count\": 11898,\n            \"sourceNames\": [\n                \"AirNow\"\n            ],\n            \"lastUpdated\": \"2017-11-09T15:00:00.000Z\",\n            \"firstUpdated\": \"2016-03-06T19:00:00.000Z\",\n            \"parameters\": [\n                \"pm25\"\n            ],\n            \"sourceName\": \"AirNow\",\n            \"coordinates\": {\n                \"latitude\": 41.13331604003906,\n                \"longitude\": -95.9560775756836\n            }\n        },\n        {\n            \"location\": \"2LL Los Lunas\",\n            \"city\": \"Albuquerque\",\n            \"country\": \"US\",\n            \"count\": 11897,\n            \"sourceNames\": [\n                \"AirNow\"\n            ],\n            \"lastUpdated\": \"2017-11-09T15:00:00.000Z\",\n            \"firstUpdated\": \"2016-03-06T19:00:00.000Z\",\n            \"parameters\": [\n                \"o3\"\n            ],\n            \"sourceName\": \"AirNow\",\n            \"coordinates\": {\n                \"latitude\": 34.814701080322266,\n                \"longitude\": -106.73970031738281\n            }\n        },\n        {\n            \"location\": \"40AB01 - ANTWERPEN\",\n            \"city\": \"Flanders\",\n            \"country\": \"BE\",\n            \"count\": 989,\n            \"sourceNames\": [\n                \"EEA Belgium\"\n            ],\n            \"lastUpdated\": \"2017-03-07T10:00:00.000Z\",\n            \"firstUpdated\": \"2016-11-22T15:00:00.000Z\",\n            \"parameters\": [\n                \"pm25\"\n            ],\n            \"sourceName\": \"EEA Belgium\",\n            \"coordinates\": {\n                \"latitude\": 51.28101348876953,\n                \"longitude\": 4.329847812652588\n            }\n        },\n        {\n            \"location\": \"40AB02 - BERENDRECHT\",\n            \"city\": \"Flanders\",\n            \"country\": \"BE\",\n            \"count\": 2222,\n            \"sourceNames\": [\n                \"EEA Belgium\"\n            ],\n            \"lastUpdated\": \"2017-03-13T12:00:00.000Z\",\n            \"firstUpdated\": \"2016-11-17T23:00:00.000Z\",\n            \"parameters\": [\n                \"pm25\",\n                \"pm10\"\n            ],\n            \"sourceName\": \"EEA Belgium\",\n            \"coordinates\": {\n                \"latitude\": 51.340728759765625,\n                \"longitude\": 4.321820259094238\n            }\n        },\n        {\n            \"location\": \"40AL01 - LINKEROEVER\",\n            \"city\": \"Flanders\",\n            \"country\": \"BE\",\n            \"count\": 7333,\n            \"sourceNames\": [\n                \"EEA Belgium\"\n            ],\n            \"lastUpdated\": \"2017-07-20T22:00:00.000Z\",\n            \"firstUpdated\": \"2016-11-17T23:00:00.000Z\",\n            \"parameters\": [\n                \"pm10\",\n                \"pm25\"\n            ],\n            \"sourceName\": \"EEA Belgium\",\n            \"coordinates\": {\n                \"latitude\": 51.2361946105957,\n                \"longitude\": 4.385223865509033\n            }\n        },\n        {\n            \"location\": \"40AL04 - BEVEREN\",\n            \"city\": \"Flanders\",\n            \"country\": \"BE\",\n            \"count\": 2971,\n            \"sourceNames\": [\n                \"EEA Belgium\"\n            ],\n            \"lastUpdated\": \"2017-06-28T08:00:00.000Z\",\n            \"firstUpdated\": \"2016-11-22T15:00:00.000Z\",\n            \"parameters\": [\n                \"pm25\"\n            ],\n            \"sourceName\": \"EEA Belgium\",\n            \"coordinates\": {\n                \"latitude\": 51.29066848754883,\n                \"longitude\": 4.293329238891602\n            }\n        },\n        {\n            \"location\": \"40GK06 - GENK\",\n            \"city\": \"Flanders\",\n            \"country\": \"BE\",\n            \"count\": 4523,\n            \"sourceNames\": [\n                \"EEA Belgium\"\n            ],\n            \"lastUpdated\": \"2017-07-20T22:00:00.000Z\",\n            \"firstUpdated\": \"2017-03-27T22:00:00.000Z\",\n            \"parameters\": [\n                \"pm25\",\n                \"pm10\"\n            ],\n            \"sourceName\": \"EEA Belgium\",\n            \"coordinates\": {\n                \"latitude\": 50.92789077758789,\n                \"longitude\": 5.470620155334473\n            }\n        },\n        {\n            \"location\": \"40GK09 - GENK\",\n            \"city\": \"Flanders\",\n            \"country\": \"BE\",\n            \"count\": 1326,\n            \"sourceNames\": [\n                \"EEA Belgium\"\n            ],\n            \"lastUpdated\": \"2017-01-06T10:00:00.000Z\",\n            \"firstUpdated\": \"2016-11-17T23:00:00.000Z\",\n            \"parameters\": [\n                \"no2\",\n                \"so2\"\n            ],\n            \"sourceName\": \"EEA Belgium\",\n            \"coordinates\": {\n                \"latitude\": 50.93463134765625,\n                \"longitude\": 5.492788314819336\n            }\n        },\n        {\n            \"location\": \"40HB23 - HOBOKEN\",\n            \"city\": \"Flanders\",\n            \"country\": \"BE\",\n            \"count\": 14589,\n            \"sourceNames\": [\n                \"EEA Belgium\"\n            ],\n            \"lastUpdated\": \"2017-07-20T22:00:00.000Z\",\n            \"firstUpdated\": \"2016-11-17T23:00:00.000Z\",\n            \"parameters\": [\n                \"pm10\",\n                \"so2\",\n                \"pm25\",\n                \"no2\"\n            ],\n            \"sourceName\": \"EEA Belgium\",\n            \"coordinates\": {\n                \"latitude\": 51.1702995300293,\n                \"longitude\": 4.341004848480225\n            }\n        },\n        {\n            \"location\": \"40LD01 - LAAKDAL\",\n            \"city\": \"Flanders\",\n            \"country\": \"BE\",\n            \"count\": 3588,\n            \"sourceNames\": [\n                \"EEA Belgium\"\n            ],\n            \"lastUpdated\": \"2017-07-20T22:00:00.000Z\",\n            \"firstUpdated\": \"2016-11-17T23:00:00.000Z\",\n            \"parameters\": [\n                \"no2\"\n            ],\n            \"sourceName\": \"EEA Belgium\",\n            \"coordinates\": {\n                \"latitude\": 51.10997772216797,\n                \"longitude\": 5.00486421585083\n            }\n        },\n        {\n            \"location\": \"40LD02 - LAAKDAL\",\n            \"city\": \"Flanders\",\n            \"country\": \"BE\",\n            \"count\": 3420,\n            \"sourceNames\": [\n                \"EEA Belgium\"\n            ],\n            \"lastUpdated\": \"2017-07-13T14:00:00.000Z\",\n            \"firstUpdated\": \"2016-11-17T23:00:00.000Z\",\n            \"parameters\": [\n                \"no2\"\n            ],\n            \"sourceName\": \"EEA Belgium\",\n            \"coordinates\": {\n                \"latitude\": 51.120384216308594,\n                \"longitude\": 5.021545886993408\n            }\n        },\n        {\n            \"location\": \"40OB01 - OOSTROZEBEK\",\n            \"city\": \"Flanders\",\n            \"country\": \"BE\",\n            \"count\": 7307,\n            \"sourceNames\": [\n                \"EEA Belgium\"\n            ],\n            \"lastUpdated\": \"2017-07-20T22:00:00.000Z\",\n            \"firstUpdated\": \"2016-11-17T23:00:00.000Z\",\n            \"parameters\": [\n                \"pm25\",\n                \"pm10\"\n            ],\n            \"sourceName\": \"EEA Belgium\",\n            \"coordinates\": {\n                \"latitude\": 50.91722869873047,\n                \"longitude\": 3.3073856830596924\n            }\n        },\n        {\n            \"location\": \"40OB02 - WIELSBEKE\",\n            \"city\": \"Flanders\",\n            \"country\": \"BE\",\n            \"count\": 7323,\n            \"sourceNames\": [\n                \"EEA Belgium\"\n            ],\n            \"lastUpdated\": \"2017-07-20T22:00:00.000Z\",\n            \"firstUpdated\": \"2016-11-17T23:00:00.000Z\",\n            \"parameters\": [\n                \"pm25\",\n                \"pm10\"\n            ],\n            \"sourceName\": \"EEA Belgium\",\n            \"coordinates\": {\n                \"latitude\": 50.91495132446289,\n                \"longitude\": 3.376211643218994\n            }\n        },\n        {\n            \"location\": \"40R833 - STABROEK\",\n            \"city\": \"Flanders\",\n            \"country\": \"BE\",\n            \"count\": 3524,\n            \"sourceNames\": [\n                \"EEA Belgium\"\n            ],\n            \"lastUpdated\": \"2017-07-20T22:00:00.000Z\",\n            \"firstUpdated\": \"2016-11-18T14:00:00.000Z\",\n            \"parameters\": [\n                \"no2\"\n            ],\n            \"sourceName\": \"EEA Belgium\",\n            \"coordinates\": {\n                \"latitude\": 51.327659606933594,\n                \"longitude\": 4.362260818481445\n            }\n        },\n        {\n            \"location\": \"40RL01 - ROESELARE\",\n            \"city\": \"Flanders\",\n            \"country\": \"BE\",\n            \"count\": 7324,\n            \"sourceNames\": [\n                \"EEA Belgium\"\n            ],\n            \"lastUpdated\": \"2017-07-20T22:00:00.000Z\",\n            \"firstUpdated\": \"2016-11-17T23:00:00.000Z\",\n            \"parameters\": [\n                \"pm10\",\n                \"pm25\"\n            ],\n            \"sourceName\": \"EEA Belgium\",\n            \"coordinates\": {\n                \"latitude\": 50.95317840576172,\n                \"longitude\": 3.1211555004119873\n            }\n        },\n        {\n            \"location\": \"40SZ01 - STEENOKKERZ\",\n            \"city\": \"Flanders\",\n            \"country\": \"BE\",\n            \"count\": 7245,\n            \"sourceNames\": [\n                \"EEA Belgium\"\n            ],\n            \"lastUpdated\": \"2017-07-20T22:00:00.000Z\",\n            \"firstUpdated\": \"2016-11-17T23:00:00.000Z\",\n            \"parameters\": [\n                \"pm25\",\n                \"no2\"\n            ],\n            \"sourceName\": \"EEA Belgium\",\n            \"coordinates\": {\n                \"latitude\": 50.91457748413086,\n                \"longitude\": 4.504183292388916\n            }\n        },\n        {\n            \"location\": \"40SZ02 - STEENOKKERZ\",\n            \"city\": \"Flanders\",\n            \"country\": \"BE\",\n            \"count\": 10797,\n            \"sourceNames\": [\n                \"EEA Belgium\"\n            ],\n            \"lastUpdated\": \"2017-07-20T22:00:00.000Z\",\n            \"firstUpdated\": \"2016-11-17T23:00:00.000Z\",\n            \"parameters\": [\n                \"pm10\",\n                \"pm25\",\n                \"no2\"\n            ],\n            \"sourceName\": \"EEA Belgium\",\n            \"coordinates\": {\n                \"latitude\": 50.913021087646484,\n                \"longitude\": 4.512184143066406\n            }\n        },\n        {\n            \"location\": \"40TS21 - TESSENDERLO\",\n            \"city\": \"Flanders\",\n            \"country\": \"BE\",\n            \"count\": 646,\n            \"sourceNames\": [\n                \"EEA Belgium\"\n            ],\n            \"lastUpdated\": \"2017-01-06T10:00:00.000Z\",\n            \"firstUpdated\": \"2016-11-17T23:00:00.000Z\",\n            \"parameters\": [\n                \"so2\"\n            ],\n            \"sourceName\": \"EEA Belgium\",\n            \"coordinates\": {\n                \"latitude\": 51.06570816040039,\n                \"longitude\": 5.107536315917969\n            }\n        },\n        {\n            \"location\": \"40WZ02 - MOL\",\n            \"city\": \"Flanders\",\n            \"country\": \"BE\",\n            \"count\": 3558,\n            \"sourceNames\": [\n                \"EEA Belgium\"\n            ],\n            \"lastUpdated\": \"2017-07-20T22:00:00.000Z\",\n            \"firstUpdated\": \"2016-11-17T23:00:00.000Z\",\n            \"parameters\": [\n                \"so2\"\n            ],\n            \"sourceName\": \"EEA Belgium\",\n            \"coordinates\": {\n                \"latitude\": 51.19279861450195,\n                \"longitude\": 5.221534252166748\n            }\n        },\n        {\n            \"location\": \"41B004 - STE.CATHERI\",\n            \"city\": \"Brussels\",\n            \"country\": \"BE\",\n            \"count\": 10192,\n            \"sourceNames\": [\n                \"EEA Belgium\"\n            ],\n            \"lastUpdated\": \"2017-07-20T22:00:00.000Z\",\n            \"firstUpdated\": \"2016-11-17T23:00:00.000Z\",\n            \"parameters\": [\n                \"o3\",\n                \"co\",\n                \"no2\"\n            ],\n            \"sourceName\": \"EEA Belgium\",\n            \"coordinates\": {\n                \"latitude\": 50.85081100463867,\n                \"longitude\": 4.348587512969971\n            }\n        },\n        {\n            \"location\": \"41B011 - BERCHEM S.A\",\n            \"city\": \"Brussels\",\n            \"country\": \"BE\",\n            \"count\": 12667,\n            \"sourceNames\": [\n                \"EEA Belgium\"\n            ],\n            \"lastUpdated\": \"2017-07-20T22:00:00.000Z\",\n            \"firstUpdated\": \"2016-11-17T23:00:00.000Z\",\n            \"parameters\": [\n                \"o3\",\n                \"no2\",\n                \"pm10\",\n                \"pm25\"\n            ],\n            \"sourceName\": \"EEA Belgium\",\n            \"coordinates\": {\n                \"latitude\": 50.8580322265625,\n                \"longitude\": 4.288336277008057\n            }\n        },\n        {\n            \"location\": \"41MEU1 - MEUDON\",\n            \"city\": \"Brussels\",\n            \"country\": \"BE\",\n            \"count\": 8347,\n            \"sourceNames\": [\n                \"EEA Belgium\"\n            ],\n            \"lastUpdated\": \"2017-07-20T22:00:00.000Z\",\n            \"firstUpdated\": \"2016-11-17T23:00:00.000Z\",\n            \"parameters\": [\n                \"no2\",\n                \"pm25\",\n                \"pm10\"\n            ],\n            \"sourceName\": \"EEA Belgium\",\n            \"coordinates\": {\n                \"latitude\": 50.89509963989258,\n                \"longitude\": 4.3927178382873535\n            }\n        },\n        {\n            \"location\": \"41N043 - HAREN\",\n            \"city\": \"Brussels\",\n            \"country\": \"BE\",\n            \"count\": 21108,\n            \"sourceNames\": [\n                \"EEA Belgium\"\n            ],\n            \"lastUpdated\": \"2017-07-20T22:00:00.000Z\",\n            \"firstUpdated\": \"2016-11-17T23:00:00.000Z\",\n            \"parameters\": [\n                \"pm25\",\n                \"no2\",\n                \"o3\",\n                \"so2\",\n                \"co\",\n                \"pm10\"\n            ],\n            \"sourceName\": \"EEA Belgium\",\n            \"coordinates\": {\n                \"latitude\": 50.88356018066406,\n                \"longitude\": 4.382963180541992\n            }\n        },\n        {\n            \"location\": \"41R001 - MOLENBEEK\",\n            \"city\": \"Brussels\",\n            \"country\": \"BE\",\n            \"count\": 20335,\n            \"sourceNames\": [\n                \"EEA Belgium\"\n            ],\n            \"lastUpdated\": \"2017-07-20T22:00:00.000Z\",\n            \"firstUpdated\": \"2016-11-17T23:00:00.000Z\",\n            \"parameters\": [\n                \"co\",\n                \"so2\",\n                \"pm25\",\n                \"no2\",\n                \"pm10\",\n                \"o3\"\n            ],\n            \"sourceName\": \"EEA Belgium\",\n            \"coordinates\": {\n                \"latitude\": 50.849666595458984,\n                \"longitude\": 4.33381986618042\n            }\n        },\n        {\n            \"location\": \"41R002 - IXELLES\",\n            \"city\": \"Brussels\",\n            \"country\": \"BE\",\n            \"count\": 10377,\n            \"sourceNames\": [\n                \"EEA Belgium\"\n            ],\n            \"lastUpdated\": \"2017-07-20T22:00:00.000Z\",\n            \"firstUpdated\": \"2016-11-17T23:00:00.000Z\",\n            \"parameters\": [\n                \"no2\",\n                \"co\",\n                \"so2\"\n            ],\n            \"sourceName\": \"EEA Belgium\",\n            \"coordinates\": {\n                \"latitude\": 50.82512664794922,\n                \"longitude\": 4.384718894958496\n            }\n        },\n        {\n            \"location\": \"41R012 - UCCLE\",\n            \"city\": \"Brussels\",\n            \"country\": \"BE\",\n            \"count\": 17862,\n            \"sourceNames\": [\n                \"EEA Belgium\"\n            ],\n            \"lastUpdated\": \"2017-07-20T22:00:00.000Z\",\n            \"firstUpdated\": \"2016-11-17T23:00:00.000Z\",\n            \"parameters\": [\n                \"o3\",\n                \"pm25\",\n                \"no2\",\n                \"pm10\",\n                \"so2\"\n            ],\n            \"sourceName\": \"EEA Belgium\",\n            \"coordinates\": {\n                \"latitude\": 50.796630859375,\n                \"longitude\": 4.358538627624512\n            }\n        },\n        {\n            \"location\": \"41WOL1 - WOL.ST.L.\",\n            \"city\": \"Brussels\",\n            \"country\": \"BE\",\n            \"count\": 17153,\n            \"sourceNames\": [\n                \"EEA Belgium\"\n            ],\n            \"lastUpdated\": \"2017-07-20T22:00:00.000Z\",\n            \"firstUpdated\": \"2016-11-17T23:00:00.000Z\",\n            \"parameters\": [\n                \"o3\",\n                \"so2\",\n                \"co\",\n                \"no2\",\n                \"pm10\"\n            ],\n            \"sourceName\": \"EEA Belgium\",\n            \"coordinates\": {\n                \"latitude\": 50.8565788269043,\n                \"longitude\": 4.425703525543213\n            }\n        },\n        {\n            \"location\": \"42M802 - ANTWERPEN\",\n            \"city\": \"Flanders\",\n            \"country\": \"BE\",\n            \"count\": 12077,\n            \"sourceNames\": [\n                \"EEA Belgium\"\n            ],\n            \"lastUpdated\": \"2017-07-20T22:00:00.000Z\",\n            \"firstUpdated\": \"2016-11-17T23:00:00.000Z\",\n            \"parameters\": [\n                \"no2\",\n                \"pm10\",\n                \"pm25\",\n                \"so2\"\n            ],\n            \"sourceName\": \"EEA Belgium\",\n            \"coordinates\": {\n                \"latitude\": 51.260990142822266,\n                \"longitude\": 4.424398899078369\n            }\n        },\n        {\n            \"location\": \"42N016 - DESSEL\",\n            \"city\": \"Flanders\",\n            \"country\": \"BE\",\n            \"count\": 17993,\n            \"sourceNames\": [\n                \"EEA Belgium\"\n            ],\n            \"lastUpdated\": \"2017-07-20T22:00:00.000Z\",\n            \"firstUpdated\": \"2016-11-17T23:00:00.000Z\",\n            \"parameters\": [\n                \"o3\",\n                \"pm10\",\n                \"no2\",\n                \"so2\",\n                \"pm25\"\n            ],\n            \"sourceName\": \"EEA Belgium\",\n            \"coordinates\": {\n                \"latitude\": 51.2336540222168,\n                \"longitude\": 5.1639790534973145\n            }\n        },\n        {\n            \"location\": \"42N027 - BREE\",\n            \"city\": \"Flanders\",\n            \"country\": \"BE\",\n            \"count\": 6882,\n            \"sourceNames\": [\n                \"EEA Belgium\"\n            ],\n            \"lastUpdated\": \"2017-07-20T22:00:00.000Z\",\n            \"firstUpdated\": \"2016-11-17T23:00:00.000Z\",\n            \"parameters\": [\n                \"no2\",\n                \"o3\"\n            ],\n            \"sourceName\": \"EEA Belgium\",\n            \"coordinates\": {\n                \"latitude\": 51.13371658325195,\n                \"longitude\": 5.606659412384033\n            }\n        },\n        {\n            \"location\": \"42N035 - AARSCHOT\",\n            \"city\": \"Flanders\",\n            \"country\": \"BE\",\n            \"count\": 17707,\n            \"sourceNames\": [\n                \"EEA Belgium\"\n            ],\n            \"lastUpdated\": \"2017-07-20T22:00:00.000Z\",\n            \"firstUpdated\": \"2016-11-17T23:00:00.000Z\",\n            \"parameters\": [\n                \"pm10\",\n                \"pm25\",\n                \"o3\",\n                \"no2\",\n                \"so2\"\n            ],\n            \"sourceName\": \"EEA Belgium\",\n            \"coordinates\": {\n                \"latitude\": 50.977542877197266,\n                \"longitude\": 4.837617874145508\n            }\n        },\n        {\n            \"location\": \"42N040 - ST.P.LEEUWG\",\n            \"city\": \"Flanders\",\n            \"country\": \"BE\",\n            \"count\": 6902,\n            \"sourceNames\": [\n                \"EEA Belgium\"\n            ],\n            \"lastUpdated\": \"2017-07-20T22:00:00.000Z\",\n            \"firstUpdated\": \"2016-11-17T23:00:00.000Z\",\n            \"parameters\": [\n                \"no2\",\n                \"o3\"\n            ],\n            \"sourceName\": \"EEA Belgium\",\n            \"coordinates\": {\n                \"latitude\": 50.76813888549805,\n                \"longitude\": 4.225194454193115\n            }\n        },\n        {\n            \"location\": \"42N045 - HASSELT\",\n            \"city\": \"Flanders\",\n            \"country\": \"BE\",\n            \"count\": 3261,\n            \"sourceNames\": [\n                \"EEA Belgium\"\n            ],\n            \"lastUpdated\": \"2017-01-06T10:00:00.000Z\",\n            \"firstUpdated\": \"2016-11-17T23:00:00.000Z\",\n            \"parameters\": [\n                \"so2\",\n                \"o3\",\n                \"no2\",\n                \"pm10\",\n                \"pm25\"\n            ],\n            \"sourceName\": \"EEA Belgium\",\n            \"coordinates\": {\n                \"latitude\": 50.93971252441406,\n                \"longitude\": 5.368378639221191\n            }\n        },\n        {\n            \"location\": \"42N046 - GELLIK\",\n            \"city\": \"Flanders\",\n            \"country\": \"BE\",\n            \"count\": 7080,\n            \"sourceNames\": [\n                \"EEA Belgium\"\n            ],\n            \"lastUpdated\": \"2017-07-20T22:00:00.000Z\",\n            \"firstUpdated\": \"2016-11-17T23:00:00.000Z\",\n            \"parameters\": [\n                \"o3\",\n                \"no2\"\n            ],\n            \"sourceName\": \"EEA Belgium\",\n            \"coordinates\": {\n                \"latitude\": 50.88229751586914,\n                \"longitude\": 5.6188740730285645\n            }\n        },\n        {\n            \"location\": \"42N054 - WALSHOUTEM\",\n            \"city\": \"Flanders\",\n            \"country\": \"BE\",\n            \"count\": 14300,\n            \"sourceNames\": [\n                \"EEA Belgium\"\n            ],\n            \"lastUpdated\": \"2017-07-20T22:00:00.000Z\",\n            \"firstUpdated\": \"2016-11-17T23:00:00.000Z\",\n            \"parameters\": [\n                \"pm25\",\n                \"no2\",\n                \"pm10\",\n                \"o3\"\n            ],\n            \"sourceName\": \"EEA Belgium\",\n            \"coordinates\": {\n                \"latitude\": 50.71170425415039,\n                \"longitude\": 5.103158473968506\n            }\n        },\n        {\n            \"location\": \"42R010 - ST.STEVENSW\",\n            \"city\": \"Flanders\",\n            \"country\": \"BE\",\n            \"count\": 3503,\n            \"sourceNames\": [\n                \"EEA Belgium\"\n            ],\n            \"lastUpdated\": \"2017-07-20T22:00:00.000Z\",\n            \"firstUpdated\": \"2016-11-17T23:00:00.000Z\",\n            \"parameters\": [\n                \"no2\"\n            ],\n            \"sourceName\": \"EEA Belgium\",\n            \"coordinates\": {\n                \"latitude\": 50.865108489990234,\n                \"longitude\": 4.428427219390869\n            }\n        },\n        {\n            \"location\": \"42R020 - VILVOORDE\",\n            \"city\": \"Flanders\",\n            \"country\": \"BE\",\n            \"count\": 17885,\n            \"sourceNames\": [\n                \"EEA Belgium\"\n            ],\n            \"lastUpdated\": \"2017-07-20T22:00:00.000Z\",\n            \"firstUpdated\": \"2016-11-17T23:00:00.000Z\",\n            \"parameters\": [\n                \"pm10\",\n                \"co\",\n                \"so2\",\n                \"no2\",\n                \"pm25\"\n            ],\n            \"sourceName\": \"EEA Belgium\",\n            \"coordinates\": {\n                \"latitude\": 50.94138717651367,\n                \"longitude\": 4.436720848083496\n            }\n        },\n        {\n            \"location\": \"42R801 - BORGERHOUT\",\n            \"city\": \"Flanders\",\n            \"country\": \"BE\",\n            \"count\": 17645,\n            \"sourceNames\": [\n                \"EEA Belgium\"\n            ],\n            \"lastUpdated\": \"2017-07-20T22:00:00.000Z\",\n            \"firstUpdated\": \"2016-11-17T23:00:00.000Z\",\n            \"parameters\": [\n                \"no2\",\n                \"so2\",\n                \"pm10\",\n                \"pm25\",\n                \"o3\"\n            ],\n            \"sourceName\": \"EEA Belgium\",\n            \"coordinates\": {\n                \"latitude\": 51.20966339111328,\n                \"longitude\": 4.431820869445801\n            }\n        },\n        {\n            \"location\": \"42R802 - BORGERHOUT\",\n            \"city\": \"Flanders\",\n            \"country\": \"BE\",\n            \"count\": 14027,\n            \"sourceNames\": [\n                \"EEA Belgium\"\n            ],\n            \"lastUpdated\": \"2017-07-20T22:00:00.000Z\",\n            \"firstUpdated\": \"2016-11-17T23:00:00.000Z\",\n            \"parameters\": [\n                \"no2\",\n                \"co\",\n                \"pm10\",\n                \"pm25\"\n            ],\n            \"sourceName\": \"EEA Belgium\",\n            \"coordinates\": {\n                \"latitude\": 51.20951843261719,\n                \"longitude\": 4.431792259216309\n            }\n        },\n        {\n            \"location\": \"42R803 - ANTWERPEN\",\n            \"city\": \"Flanders\",\n            \"country\": \"BE\",\n            \"count\": 10668,\n            \"sourceNames\": [\n                \"EEA Belgium\"\n            ],\n            \"lastUpdated\": \"2017-07-20T22:00:00.000Z\",\n            \"firstUpdated\": \"2016-11-17T23:00:00.000Z\",\n            \"parameters\": [\n                \"no2\",\n                \"pm10\",\n                \"pm25\"\n            ],\n            \"sourceName\": \"EEA Belgium\",\n            \"coordinates\": {\n                \"latitude\": 51.22863006591797,\n                \"longitude\": 4.428454399108887\n            }\n        },\n        {\n            \"location\": \"42R805 - ANTWERPEN\",\n            \"city\": \"Flanders\",\n            \"country\": \"BE\",\n            \"count\": 10658,\n            \"sourceNames\": [\n                \"EEA Belgium\"\n            ],\n            \"lastUpdated\": \"2017-07-20T22:00:00.000Z\",\n            \"firstUpdated\": \"2016-11-17T23:00:00.000Z\",\n            \"parameters\": [\n                \"pm25\",\n                \"no2\",\n                \"pm10\"\n            ],\n            \"sourceName\": \"EEA Belgium\",\n            \"coordinates\": {\n                \"latitude\": 51.208229064941406,\n                \"longitude\": 4.4215593338012695\n            }\n        },\n        {\n            \"location\": \"42R811 - SCHOTEN\",\n            \"city\": \"Flanders\",\n            \"country\": \"BE\",\n            \"count\": 14298,\n            \"sourceNames\": [\n                \"EEA Belgium\"\n            ],\n            \"lastUpdated\": \"2017-07-20T22:00:00.000Z\",\n            \"firstUpdated\": \"2016-11-17T23:00:00.000Z\",\n            \"parameters\": [\n                \"no2\",\n                \"o3\",\n                \"pm10\",\n                \"pm25\"\n            ],\n            \"sourceName\": \"EEA Belgium\",\n            \"coordinates\": {\n                \"latitude\": 51.25210189819336,\n                \"longitude\": 4.49136209487915\n            }\n        },\n        {\n            \"location\": \"42R815 - ZWIJNDRECHT\",\n            \"city\": \"Flanders\",\n            \"country\": \"BE\",\n            \"count\": 11894,\n            \"sourceNames\": [\n                \"EEA Belgium\"\n            ],\n            \"lastUpdated\": \"2017-07-20T22:00:00.000Z\",\n            \"firstUpdated\": \"2016-11-17T23:00:00.000Z\",\n            \"parameters\": [\n                \"pm25\",\n                \"pm10\",\n                \"no2\",\n                \"so2\"\n            ],\n            \"sourceName\": \"EEA Belgium\",\n            \"coordinates\": {\n                \"latitude\": 51.214698791503906,\n                \"longitude\": 4.3322062492370605\n            }\n        },\n        {\n            \"location\": \"42R817 - ANTWERPEN\",\n            \"city\": \"Flanders\",\n            \"country\": \"BE\",\n            \"count\": 10796,\n            \"sourceNames\": [\n                \"EEA Belgium\"\n            ],\n            \"lastUpdated\": \"2017-07-20T22:00:00.000Z\",\n            \"firstUpdated\": \"2016-11-17T23:00:00.000Z\",\n            \"parameters\": [\n                \"pm10\",\n                \"no2\",\n                \"pm25\"\n            ],\n            \"sourceName\": \"EEA Belgium\",\n            \"coordinates\": {\n                \"latitude\": 51.17713165283203,\n                \"longitude\": 4.4179487228393555\n            }\n        },\n        {\n            \"location\": \"42R820 - KAPELLEN\",\n            \"city\": \"Flanders\",\n            \"country\": \"BE\",\n            \"count\": 6711,\n            \"sourceNames\": [\n                \"EEA Belgium\"\n            ],\n            \"lastUpdated\": \"2017-07-20T22:00:00.000Z\",\n            \"firstUpdated\": \"2016-11-17T23:00:00.000Z\",\n            \"parameters\": [\n                \"no2\",\n                \"so2\"\n            ],\n            \"sourceName\": \"EEA Belgium\",\n            \"coordinates\": {\n                \"latitude\": 51.32041549682617,\n                \"longitude\": 4.444810390472412\n            }\n        },\n        {\n            \"location\": \"42R822 - ANTWERPEN\",\n            \"city\": \"Flanders\",\n            \"country\": \"BE\",\n            \"count\": 7093,\n            \"sourceNames\": [\n                \"EEA Belgium\"\n            ],\n            \"lastUpdated\": \"2017-07-20T22:00:00.000Z\",\n            \"firstUpdated\": \"2016-11-17T23:00:00.000Z\",\n            \"parameters\": [\n                \"no2\",\n                \"so2\"\n            ],\n            \"sourceName\": \"EEA Belgium\",\n            \"coordinates\": {\n                \"latitude\": 51.26428985595703,\n                \"longitude\": 4.341279983520508\n            }\n        },\n        {\n            \"location\": \"42R830 - DOEL\",\n            \"city\": \"Flanders\",\n            \"country\": \"BE\",\n            \"count\": 3863,\n            \"sourceNames\": [\n                \"EEA Belgium\"\n            ],\n            \"lastUpdated\": \"2017-07-20T22:00:00.000Z\",\n            \"firstUpdated\": \"2016-11-17T23:00:00.000Z\",\n            \"parameters\": [\n                \"so2\",\n                \"no2\"\n            ],\n            \"sourceName\": \"EEA Belgium\",\n            \"coordinates\": {\n                \"latitude\": 51.31822967529297,\n                \"longitude\": 4.262633800506592\n            }\n        },\n        {\n            \"location\": \"42R831 - BERENDRECHT\",\n            \"city\": \"Flanders\",\n            \"country\": \"BE\",\n            \"count\": 14315,\n            \"sourceNames\": [\n                \"EEA Belgium\"\n            ],\n            \"lastUpdated\": \"2017-07-20T22:00:00.000Z\",\n            \"firstUpdated\": \"2016-11-17T23:00:00.000Z\",\n            \"parameters\": [\n                \"o3\",\n                \"pm25\",\n                \"no2\",\n                \"so2\"\n            ],\n            \"sourceName\": \"EEA Belgium\",\n            \"coordinates\": {\n                \"latitude\": 51.34879684448242,\n                \"longitude\": 4.339709758758545\n            }\n        },\n        {\n            \"location\": \"42R834 - Boom\",\n            \"city\": \"Flanders\",\n            \"country\": \"BE\",\n            \"count\": 10861,\n            \"sourceNames\": [\n                \"EEA Belgium\"\n            ],\n            \"lastUpdated\": \"2017-07-20T22:00:00.000Z\",\n            \"firstUpdated\": \"2016-11-17T23:00:00.000Z\",\n            \"parameters\": [\n                \"pm25\",\n                \"pm10\",\n                \"no2\"\n            ],\n            \"sourceName\": \"EEA Belgium\",\n            \"coordinates\": {\n                \"latitude\": 51.09199905395508,\n                \"longitude\": 4.380103588104248\n            }\n        },\n        {\n            \"location\": \"42R841 - MECHELEN\",\n            \"city\": \"Flanders\",\n            \"country\": \"BE\",\n            \"count\": 2529,\n            \"sourceNames\": [\n                \"EEA Belgium\"\n            ],\n            \"lastUpdated\": \"2017-01-06T10:00:00.000Z\",\n            \"firstUpdated\": \"2016-11-17T23:00:00.000Z\",\n            \"parameters\": [\n                \"o3\",\n                \"pm25\",\n                \"no2\",\n                \"pm10\"\n            ],\n            \"sourceName\": \"EEA Belgium\",\n            \"coordinates\": {\n                \"latitude\": 51.002525329589844,\n                \"longitude\": 4.469321250915527\n            }\n        },\n        {\n            \"location\": \"42R891 - ANTWERPEN\",\n            \"city\": \"Flanders\",\n            \"country\": \"BE\",\n            \"count\": 7202,\n            \"sourceNames\": [\n                \"EEA Belgium\"\n            ],\n            \"lastUpdated\": \"2017-07-20T22:00:00.000Z\",\n            \"firstUpdated\": \"2016-11-17T23:00:00.000Z\",\n            \"parameters\": [\n                \"no2\",\n                \"so2\"\n            ],\n            \"sourceName\": \"EEA Belgium\",\n            \"coordinates\": {\n                \"latitude\": 51.25580596923828,\n                \"longitude\": 4.385359764099121\n            }\n        },\n        {\n            \"location\": \"42R892 - KALLO\",\n            \"city\": \"Flanders\",\n            \"country\": \"BE\",\n            \"count\": 7009,\n            \"sourceNames\": [\n                \"EEA Belgium\"\n            ],\n            \"lastUpdated\": \"2017-07-20T22:00:00.000Z\",\n            \"firstUpdated\": \"2016-11-17T23:00:00.000Z\",\n            \"parameters\": [\n                \"so2\",\n                \"no2\"\n            ],\n            \"sourceName\": \"EEA Belgium\",\n            \"coordinates\": {\n                \"latitude\": 51.263038635253906,\n                \"longitude\": 4.278890132904053\n            }\n        },\n        {\n            \"location\": \"42R893 - ANTWERPEN\",\n            \"city\": \"Flanders\",\n            \"country\": \"BE\",\n            \"count\": 7224,\n            \"sourceNames\": [\n                \"EEA Belgium\"\n            ],\n            \"lastUpdated\": \"2017-07-20T22:00:00.000Z\",\n            \"firstUpdated\": \"2016-11-17T23:00:00.000Z\",\n            \"parameters\": [\n                \"so2\",\n                \"no2\"\n            ],\n            \"sourceName\": \"EEA Belgium\",\n            \"coordinates\": {\n                \"latitude\": 51.28137969970703,\n                \"longitude\": 4.385770797729492\n            }\n        },\n        {\n            \"location\": \"42R894 - ANTWERPEN\",\n            \"city\": \"Flanders\",\n            \"country\": \"BE\",\n            \"count\": 7220,\n            \"sourceNames\": [\n                \"EEA Belgium\"\n            ],\n            \"lastUpdated\": \"2017-07-20T22:00:00.000Z\",\n            \"firstUpdated\": \"2016-11-17T23:00:00.000Z\",\n            \"parameters\": [\n                \"no2\",\n                \"so2\"\n            ],\n            \"sourceName\": \"EEA Belgium\",\n            \"coordinates\": {\n                \"latitude\": 51.28350067138672,\n                \"longitude\": 4.349495887756348\n            }\n        },\n        {\n            \"location\": \"42R897 - ANTWERPEN\",\n            \"city\": \"Flanders\",\n            \"country\": \"BE\",\n            \"count\": 6858,\n            \"sourceNames\": [\n                \"EEA Belgium\"\n            ],\n            \"lastUpdated\": \"2017-07-20T22:00:00.000Z\",\n            \"firstUpdated\": \"2016-11-17T23:00:00.000Z\",\n            \"parameters\": [\n                \"so2\",\n                \"no2\"\n            ],\n            \"sourceName\": \"EEA Belgium\",\n            \"coordinates\": {\n                \"latitude\": 51.25010681152344,\n                \"longitude\": 4.342104434967041\n            }\n        },\n        {\n            \"location\": \"43H201 - LIEGE\",\n            \"city\": \"Wallonia\",\n            \"country\": \"BE\",\n            \"count\": 7165,\n            \"sourceNames\": [\n                \"EEA Belgium\"\n            ],\n            \"lastUpdated\": \"2017-07-20T22:00:00.000Z\",\n            \"firstUpdated\": \"2016-11-17T23:00:00.000Z\",\n            \"parameters\": [\n                \"pm10\",\n                \"pm25\",\n                \"so2\"\n            ],\n            \"sourceName\": \"EEA Belgium\",\n            \"coordinates\": {\n                \"latitude\": 50.62499237060547,\n                \"longitude\": 5.547464370727539\n            }\n        },\n        {\n            \"location\": \"43M204 - ANGLEUR\",\n            \"city\": \"Wallonia\",\n            \"country\": \"BE\",\n            \"count\": 6445,\n            \"sourceNames\": [\n                \"EEA Belgium\"\n            ],\n            \"lastUpdated\": \"2017-07-20T22:00:00.000Z\",\n            \"firstUpdated\": \"2016-11-17T23:00:00.000Z\",\n            \"parameters\": [\n                \"pm25\",\n                \"pm10\"\n            ],\n            \"sourceName\": \"EEA Belgium\",\n            \"coordinates\": {\n                \"latitude\": 50.61192321777344,\n                \"longitude\": 5.611149787902832\n            }\n        },\n        {\n            \"location\": \"43N060 - HAVINNES\",\n            \"city\": \"Wallonia\",\n            \"country\": \"BE\",\n            \"count\": 20283,\n            \"sourceNames\": [\n                \"EEA Belgium\"\n            ],\n            \"lastUpdated\": \"2017-07-20T22:00:00.000Z\",\n            \"firstUpdated\": \"2016-11-17T23:00:00.000Z\",\n            \"parameters\": [\n                \"pm25\",\n                \"no2\",\n                \"pm10\",\n                \"o3\",\n                \"co\",\n                \"so2\"\n            ],\n            \"sourceName\": \"EEA Belgium\",\n            \"coordinates\": {\n                \"latitude\": 50.61671829223633,\n                \"longitude\": 3.4576244354248047\n            }\n        },\n        {\n            \"location\": \"43N063 - CORROY L.G.\",\n            \"city\": \"Wallonia\",\n            \"country\": \"BE\",\n            \"count\": 19458,\n            \"sourceNames\": [\n                \"EEA Belgium\"\n            ],\n            \"lastUpdated\": \"2017-07-20T22:00:00.000Z\",\n            \"firstUpdated\": \"2016-11-17T23:00:00.000Z\",\n            \"parameters\": [\n                \"so2\",\n                \"co\",\n                \"pm10\",\n                \"o3\",\n                \"no2\",\n                \"pm25\"\n            ],\n            \"sourceName\": \"EEA Belgium\",\n            \"coordinates\": {\n                \"latitude\": 50.65543746948242,\n                \"longitude\": 4.668287754058838\n            }\n        },\n        {\n            \"location\": \"43N066 - EUPEN\",\n            \"city\": \"Wallonia\",\n            \"country\": \"BE\",\n            \"count\": 10189,\n            \"sourceNames\": [\n                \"EEA Belgium\"\n            ],\n            \"lastUpdated\": \"2017-07-20T22:00:00.000Z\",\n            \"firstUpdated\": \"2016-11-17T23:00:00.000Z\",\n            \"parameters\": [\n                \"o3\",\n                \"no2\",\n                \"so2\"\n            ],\n            \"sourceName\": \"EEA Belgium\",\n            \"coordinates\": {\n                \"latitude\": 50.62886047363281,\n                \"longitude\": 6.002328872680664\n            }\n        },\n        {\n            \"location\": \"43N067 - MEMBACH\",\n            \"city\": \"Wallonia\",\n            \"country\": \"BE\",\n            \"count\": 5801,\n            \"sourceNames\": [\n                \"EEA Belgium\"\n            ],\n            \"lastUpdated\": \"2017-07-20T22:00:00.000Z\",\n            \"firstUpdated\": \"2016-11-18T15:00:00.000Z\",\n            \"parameters\": [\n                \"pm25\",\n                \"pm10\"\n            ],\n            \"sourceName\": \"EEA Belgium\",\n            \"coordinates\": {\n                \"latitude\": 50.61227798461914,\n                \"longitude\": 5.992752552032471\n            }\n        },\n        {\n            \"location\": \"43N070 - MONS\",\n            \"city\": \"Wallonia\",\n            \"country\": \"BE\",\n            \"count\": 17610,\n            \"sourceNames\": [\n                \"EEA Belgium\"\n            ],\n            \"lastUpdated\": \"2017-07-20T22:00:00.000Z\",\n            \"firstUpdated\": \"2016-11-17T23:00:00.000Z\",\n            \"parameters\": [\n                \"pm25\",\n                \"o3\",\n                \"pm10\",\n                \"co\",\n                \"no2\",\n                \"so2\"\n            ],\n            \"sourceName\": \"EEA Belgium\",\n            \"coordinates\": {\n                \"latitude\": 50.46519088745117,\n                \"longitude\": 3.9397144317626953\n            }\n        },\n        {\n            \"location\": \"43N073 - VEZIN\",\n            \"city\": \"Wallonia\",\n            \"country\": \"BE\",\n            \"count\": 12645,\n            \"sourceNames\": [\n                \"EEA Belgium\"\n            ],\n            \"lastUpdated\": \"2017-07-20T22:00:00.000Z\",\n            \"firstUpdated\": \"2016-11-18T05:00:00.000Z\",\n            \"parameters\": [\n                \"no2\",\n                \"pm10\",\n                \"pm25\",\n                \"o3\"\n            ],\n            \"sourceName\": \"EEA Belgium\",\n            \"coordinates\": {\n                \"latitude\": 50.502716064453125,\n                \"longitude\": 4.988422870635986\n            }\n        },\n        {\n            \"location\": \"43N085 - VIELSALM\",\n            \"city\": \"Wallonia\",\n            \"country\": \"BE\",\n            \"count\": 19766,\n            \"sourceNames\": [\n                \"EEA Belgium\"\n            ],\n            \"lastUpdated\": \"2017-07-20T22:00:00.000Z\",\n            \"firstUpdated\": \"2016-11-17T23:00:00.000Z\",\n            \"parameters\": [\n                \"pm25\",\n                \"pm10\",\n                \"no2\",\n                \"o3\",\n                \"so2\",\n                \"co\"\n            ],\n            \"sourceName\": \"EEA Belgium\",\n            \"coordinates\": {\n                \"latitude\": 50.30320739746094,\n                \"longitude\": 6.001736164093018\n            }\n        },\n        {\n            \"location\": \"43N093 - SINSIN\",\n            \"city\": \"Wallonia\",\n            \"country\": \"BE\",\n            \"count\": 16524,\n            \"sourceNames\": [\n                \"EEA Belgium\"\n            ],\n            \"lastUpdated\": \"2017-07-20T22:00:00.000Z\",\n            \"firstUpdated\": \"2016-11-17T23:00:00.000Z\",\n            \"parameters\": [\n                \"so2\",\n                \"no2\",\n                \"o3\",\n                \"pm25\",\n                \"pm10\"\n            ],\n            \"sourceName\": \"EEA Belgium\",\n            \"coordinates\": {\n                \"latitude\": 50.274478912353516,\n                \"longitude\": 5.23516845703125\n            }\n        },\n        {\n            \"location\": \"43N100 - DOURBES\",\n            \"city\": \"Wallonia\",\n            \"country\": \"BE\",\n            \"count\": 16664,\n            \"sourceNames\": [\n                \"EEA Belgium\"\n            ],\n            \"lastUpdated\": \"2017-07-20T22:00:00.000Z\",\n            \"firstUpdated\": \"2016-11-17T23:00:00.000Z\",\n            \"parameters\": [\n                \"o3\",\n                \"pm25\",\n                \"no2\",\n                \"pm10\",\n                \"so2\"\n            ],\n            \"sourceName\": \"EEA Belgium\",\n            \"coordinates\": {\n                \"latitude\": 50.09568405151367,\n                \"longitude\": 4.594762802124023\n            }\n        },\n        {\n            \"location\": \"43N113 - SAINT-ODE\",\n            \"city\": \"Wallonia\",\n            \"country\": \"BE\",\n            \"count\": 12718,\n            \"sourceNames\": [\n                \"EEA Belgium\"\n            ],\n            \"lastUpdated\": \"2017-07-20T22:00:00.000Z\",\n            \"firstUpdated\": \"2016-11-17T23:00:00.000Z\",\n            \"parameters\": [\n                \"pm10\",\n                \"o3\",\n                \"no2\",\n                \"pm25\"\n            ],\n            \"sourceName\": \"EEA Belgium\",\n            \"coordinates\": {\n                \"latitude\": 50.02702713012695,\n                \"longitude\": 5.593017101287842\n            }\n        },\n        {\n            \"location\": \"43N121 - OFFAGNE\",\n            \"city\": \"Wallonia\",\n            \"country\": \"BE\",\n            \"count\": 13066,\n            \"sourceNames\": [\n                \"EEA Belgium\"\n            ],\n            \"lastUpdated\": \"2017-07-20T22:00:00.000Z\",\n            \"firstUpdated\": \"2016-11-17T23:00:00.000Z\",\n            \"parameters\": [\n                \"pm10\",\n                \"pm25\",\n                \"no2\",\n                \"o3\"\n            ],\n            \"sourceName\": \"EEA Belgium\",\n            \"coordinates\": {\n                \"latitude\": 49.87712860107422,\n                \"longitude\": 5.20238733291626\n            }\n        },\n        {\n            \"location\": \"43N132 - HABAY-LA-N.\",\n            \"city\": \"Wallonia\",\n            \"country\": \"BE\",\n            \"count\": 19963,\n            \"sourceNames\": [\n                \"EEA Belgium\"\n            ],\n            \"lastUpdated\": \"2017-07-20T22:00:00.000Z\",\n            \"firstUpdated\": \"2016-11-17T23:00:00.000Z\",\n            \"parameters\": [\n                \"no2\",\n                \"pm25\",\n                \"o3\",\n                \"pm10\",\n                \"so2\",\n                \"co\"\n            ],\n            \"sourceName\": \"EEA Belgium\",\n            \"coordinates\": {\n                \"latitude\": 49.71928024291992,\n                \"longitude\": 5.630397796630859\n            }\n        },\n        {\n            \"location\": \"43R221 - LIEGE\",\n            \"city\": \"Wallonia\",\n            \"country\": \"BE\",\n            \"count\": 13874,\n            \"sourceNames\": [\n                \"EEA Belgium\"\n            ],\n            \"lastUpdated\": \"2017-07-20T22:00:00.000Z\",\n            \"firstUpdated\": \"2016-11-17T23:00:00.000Z\",\n            \"parameters\": [\n                \"pm25\",\n                \"so2\",\n                \"pm10\",\n                \"o3\",\n                \"no2\"\n            ],\n            \"sourceName\": \"EEA Belgium\",\n            \"coordinates\": {\n                \"latitude\": 50.658443450927734,\n                \"longitude\": 5.627835273742676\n            }\n        },\n        {\n            \"location\": \"43R222 - SERAING\",\n            \"city\": \"Wallonia\",\n            \"country\": \"BE\",\n            \"count\": 20594,\n            \"sourceNames\": [\n                \"EEA Belgium\"\n            ],\n            \"lastUpdated\": \"2017-07-20T22:00:00.000Z\",\n            \"firstUpdated\": \"2016-11-17T23:00:00.000Z\",\n            \"parameters\": [\n                \"no2\",\n                \"pm25\",\n                \"o3\",\n                \"pm10\",\n                \"so2\",\n                \"co\"\n            ],\n            \"sourceName\": \"EEA Belgium\",\n            \"coordinates\": {\n                \"latitude\": 50.61341094970703,\n                \"longitude\": 5.570222854614258\n            }\n        },\n        {\n            \"location\": \"43R223 - JEMEPPE\",\n            \"city\": \"Wallonia\",\n            \"country\": \"BE\",\n            \"count\": 17089,\n            \"sourceNames\": [\n                \"EEA Belgium\"\n            ],\n            \"lastUpdated\": \"2017-07-20T22:00:00.000Z\",\n            \"firstUpdated\": \"2016-11-17T23:00:00.000Z\",\n            \"parameters\": [\n                \"no2\",\n                \"co\",\n                \"pm10\",\n                \"pm25\",\n                \"so2\"\n            ],\n            \"sourceName\": \"EEA Belgium\",\n            \"coordinates\": {\n                \"latitude\": 50.620670318603516,\n                \"longitude\": 5.516404628753662\n            }\n        },\n        {\n            \"location\": \"43R240 - ENGIS\",\n            \"city\": \"Wallonia\",\n            \"country\": \"BE\",\n            \"count\": 17076,\n            \"sourceNames\": [\n                \"EEA Belgium\"\n            ],\n            \"lastUpdated\": \"2017-07-20T22:00:00.000Z\",\n            \"firstUpdated\": \"2016-11-17T23:00:00.000Z\",\n            \"parameters\": [\n                \"pm25\",\n                \"no2\",\n                \"o3\",\n                \"pm10\",\n                \"so2\"\n            ],\n            \"sourceName\": \"EEA Belgium\",\n            \"coordinates\": {\n                \"latitude\": 50.583614349365234,\n                \"longitude\": 5.397446155548096\n            }\n        },\n        {\n            \"location\": \"44M702 - ERTVELDE\",\n            \"city\": \"Flanders\",\n            \"country\": \"BE\",\n            \"count\": 3472,\n            \"sourceNames\": [\n                \"EEA Belgium\"\n            ],\n            \"lastUpdated\": \"2017-07-20T22:00:00.000Z\",\n            \"firstUpdated\": \"2016-11-17T23:00:00.000Z\",\n            \"parameters\": [\n                \"no2\"\n            ],\n            \"sourceName\": \"EEA Belgium\",\n            \"coordinates\": {\n                \"latitude\": 51.16602325439453,\n                \"longitude\": 3.7621374130249023\n            }\n        },\n        {\n            \"location\": \"44M705 - ROESELARE\",\n            \"city\": \"Flanders\",\n            \"country\": \"BE\",\n            \"count\": 14203,\n            \"sourceNames\": [\n                \"EEA Belgium\"\n            ],\n            \"lastUpdated\": \"2017-07-20T22:00:00.000Z\",\n            \"firstUpdated\": \"2016-11-17T23:00:00.000Z\",\n            \"parameters\": [\n                \"no2\",\n                \"o3\",\n                \"pm25\",\n                \"pm10\"\n            ],\n            \"sourceName\": \"EEA Belgium\",\n            \"coordinates\": {\n                \"latitude\": 50.94535827636719,\n                \"longitude\": 3.1524016857147217\n            }\n        },\n        {\n            \"location\": \"44N012 - MOERKERKE\",\n            \"city\": \"Flanders\",\n            \"country\": \"BE\",\n            \"count\": 14267,\n            \"sourceNames\": [\n                \"EEA Belgium\"\n            ],\n            \"lastUpdated\": \"2017-07-20T22:00:00.000Z\",\n            \"firstUpdated\": \"2016-11-17T23:00:00.000Z\",\n            \"parameters\": [\n                \"o3\",\n                \"no2\",\n                \"pm25\",\n                \"pm10\"\n            ],\n            \"sourceName\": \"EEA Belgium\",\n            \"coordinates\": {\n                \"latitude\": 51.254573822021484,\n                \"longitude\": 3.3625359535217285\n            }\n        },\n        {\n            \"location\": \"44N029 - HOUTEM\",\n            \"city\": \"Flanders\",\n            \"country\": \"BE\",\n            \"count\": 17312,\n            \"sourceNames\": [\n                \"EEA Belgium\"\n            ],\n            \"lastUpdated\": \"2017-07-20T22:00:00.000Z\",\n            \"firstUpdated\": \"2016-11-17T23:00:00.000Z\",\n            \"parameters\": [\n                \"no2\",\n                \"so2\",\n                \"o3\",\n                \"pm25\",\n                \"pm10\"\n            ],\n            \"sourceName\": \"EEA Belgium\",\n            \"coordinates\": {\n                \"latitude\": 51.01628112792969,\n                \"longitude\": 2.582322835922241\n            }\n        },\n        {\n            \"location\": \"44N051 - IDEGEM\",\n            \"city\": \"Flanders\",\n            \"country\": \"BE\",\n            \"count\": 6951,\n            \"sourceNames\": [\n                \"EEA Belgium\"\n            ],\n            \"lastUpdated\": \"2017-07-20T22:00:00.000Z\",\n            \"firstUpdated\": \"2016-11-17T23:00:00.000Z\",\n            \"parameters\": [\n                \"o3\",\n                \"no2\"\n            ],\n            \"sourceName\": \"EEA Belgium\",\n            \"coordinates\": {\n                \"latitude\": 50.79891586303711,\n                \"longitude\": 3.930293321609497\n            }\n        },\n        {\n            \"location\": \"44N052 - ZWEVEGEM\",\n            \"city\": \"Flanders\",\n            \"country\": \"BE\",\n            \"count\": 14188,\n            \"sourceNames\": [\n                \"EEA Belgium\"\n            ],\n            \"lastUpdated\": \"2017-07-20T22:00:00.000Z\",\n            \"firstUpdated\": \"2016-11-17T23:00:00.000Z\",\n            \"parameters\": [\n                \"pm25\",\n                \"o3\",\n                \"no2\",\n                \"pm10\"\n            ],\n            \"sourceName\": \"EEA Belgium\",\n            \"coordinates\": {\n                \"latitude\": 50.81487274169922,\n                \"longitude\": 3.3224942684173584\n            }\n        },\n        {\n            \"location\": \"44R701 - GENT\",\n            \"city\": \"Flanders\",\n            \"country\": \"BE\",\n            \"count\": 21059,\n            \"sourceNames\": [\n                \"EEA Belgium\"\n            ],\n            \"lastUpdated\": \"2017-07-20T22:00:00.000Z\",\n            \"firstUpdated\": \"2016-11-17T23:00:00.000Z\",\n            \"parameters\": [\n                \"pm25\",\n                \"pm10\",\n                \"so2\",\n                \"o3\",\n                \"no2\",\n                \"co\"\n            ],\n            \"sourceName\": \"EEA Belgium\",\n            \"coordinates\": {\n                \"latitude\": 51.05833053588867,\n                \"longitude\": 3.7292981147766113\n            }\n        },\n        {\n            \"location\": \"44R702 - Gent (G.Carlierlaan)\",\n            \"city\": \"Flanders\",\n            \"country\": \"BE\",\n            \"count\": 10645,\n            \"sourceNames\": [\n                \"EEA Belgium\"\n            ],\n            \"lastUpdated\": \"2017-07-20T22:00:00.000Z\",\n            \"firstUpdated\": \"2016-11-17T23:00:00.000Z\",\n            \"parameters\": [\n                \"pm25\",\n                \"no2\",\n                \"pm10\"\n            ],\n            \"sourceName\": \"EEA Belgium\",\n            \"coordinates\": {\n                \"latitude\": 51.040687561035156,\n                \"longitude\": 3.734971523284912\n            }\n        },\n        {\n            \"location\": \"44R710 - DESTELBERGE\",\n            \"city\": \"Flanders\",\n            \"country\": \"BE\",\n            \"count\": 14241,\n            \"sourceNames\": [\n                \"EEA Belgium\"\n            ],\n            \"lastUpdated\": \"2017-07-20T22:00:00.000Z\",\n            \"firstUpdated\": \"2016-11-17T23:00:00.000Z\",\n            \"parameters\": [\n                \"no2\",\n                \"pm25\",\n                \"pm10\",\n                \"o3\"\n            ],\n            \"sourceName\": \"EEA Belgium\",\n            \"coordinates\": {\n                \"latitude\": 51.061279296875,\n                \"longitude\": 3.7752623558044434\n            }\n        },\n        {\n            \"location\": \"44R721 - WONDELGEM\",\n            \"city\": \"Flanders\",\n            \"country\": \"BE\",\n            \"count\": 7047,\n            \"sourceNames\": [\n                \"EEA Belgium\"\n            ],\n            \"lastUpdated\": \"2017-07-20T22:00:00.000Z\",\n            \"firstUpdated\": \"2016-11-17T23:00:00.000Z\",\n            \"parameters\": [\n                \"no2\",\n                \"so2\"\n            ],\n            \"sourceName\": \"EEA Belgium\",\n            \"coordinates\": {\n                \"latitude\": 51.088958740234375,\n                \"longitude\": 3.7161192893981934\n            }\n        },\n        {\n            \"location\": \"44R731 - EVERGEM\",\n            \"city\": \"Flanders\",\n            \"country\": \"BE\",\n            \"count\": 14467,\n            \"sourceNames\": [\n                \"EEA Belgium\"\n            ],\n            \"lastUpdated\": \"2017-07-20T22:00:00.000Z\",\n            \"firstUpdated\": \"2016-11-17T23:00:00.000Z\",\n            \"parameters\": [\n                \"pm25\",\n                \"so2\",\n                \"pm10\",\n                \"no2\"\n            ],\n            \"sourceName\": \"EEA Belgium\",\n            \"coordinates\": {\n                \"latitude\": 51.124691009521484,\n                \"longitude\": 3.739504337310791\n            }\n        },\n        {\n            \"location\": \"44R740 - ST.KRUIS-WI\",\n            \"city\": \"Flanders\",\n            \"country\": \"BE\",\n            \"count\": 11327,\n            \"sourceNames\": [\n                \"EEA Belgium\"\n            ],\n            \"lastUpdated\": \"2017-07-20T22:00:00.000Z\",\n            \"firstUpdated\": \"2016-11-17T23:00:00.000Z\",\n            \"parameters\": [\n                \"o3\",\n                \"pm10\",\n                \"no2\",\n                \"so2\"\n            ],\n            \"sourceName\": \"EEA Belgium\",\n            \"coordinates\": {\n                \"latitude\": 51.1501350402832,\n                \"longitude\": 3.8087353706359863\n            }\n        },\n        {\n            \"location\": \"44R750 - ZELZATE\",\n            \"city\": \"Flanders\",\n            \"country\": \"BE\",\n            \"count\": 17992,\n            \"sourceNames\": [\n                \"EEA Belgium\"\n            ],\n            \"lastUpdated\": \"2017-07-20T22:00:00.000Z\",\n            \"firstUpdated\": \"2016-11-17T23:00:00.000Z\",\n            \"parameters\": [\n                \"so2\",\n                \"co\",\n                \"pm10\",\n                \"no2\",\n                \"pm25\"\n            ],\n            \"sourceName\": \"EEA Belgium\",\n            \"coordinates\": {\n                \"latitude\": 51.19606399536133,\n                \"longitude\": 3.822920083999634\n            }\n        },\n        {\n            \"location\": \"45R501 - CHARLEROI\",\n            \"city\": \"Wallonia\",\n            \"country\": \"BE\",\n            \"count\": 13288,\n            \"sourceNames\": [\n                \"EEA Belgium\"\n            ],\n            \"lastUpdated\": \"2017-07-20T22:00:00.000Z\",\n            \"firstUpdated\": \"2016-11-17T23:00:00.000Z\",\n            \"parameters\": [\n                \"co\",\n                \"no2\",\n                \"pm10\",\n                \"pm25\"\n            ],\n            \"sourceName\": \"EEA Belgium\",\n            \"coordinates\": {\n                \"latitude\": 50.4093132019043,\n                \"longitude\": 4.452171802520752\n            }\n        },\n        {\n            \"location\": \"45R502 - LODELINSART\",\n            \"city\": \"Wallonia\",\n            \"country\": \"BE\",\n            \"count\": 13497,\n            \"sourceNames\": [\n                \"EEA Belgium\"\n            ],\n            \"lastUpdated\": \"2017-07-20T22:00:00.000Z\",\n            \"firstUpdated\": \"2016-11-17T23:00:00.000Z\",\n            \"parameters\": [\n                \"o3\",\n                \"no2\",\n                \"pm10\",\n                \"pm25\"\n            ],\n            \"sourceName\": \"EEA Belgium\",\n            \"coordinates\": {\n                \"latitude\": 50.42899703979492,\n                \"longitude\": 4.458680629730225\n            }\n        },\n        {\n            \"location\": \"45R510 - CHATELINEAU\",\n            \"city\": \"Wallonia\",\n            \"country\": \"BE\",\n            \"count\": 9664,\n            \"sourceNames\": [\n                \"EEA Belgium\"\n            ],\n            \"lastUpdated\": \"2017-07-20T22:00:00.000Z\",\n            \"firstUpdated\": \"2016-11-18T05:00:00.000Z\",\n            \"parameters\": [\n                \"so2\",\n                \"pm10\",\n                \"pm25\"\n            ],\n            \"sourceName\": \"EEA Belgium\",\n            \"coordinates\": {\n                \"latitude\": 50.41643524169922,\n                \"longitude\": 4.521130084991455\n            }\n        },\n        {\n            \"location\": \"45R511 - MARCINELLE\",\n            \"city\": \"Wallonia\",\n            \"country\": \"BE\",\n            \"count\": 6695,\n            \"sourceNames\": [\n                \"EEA Belgium\"\n            ],\n            \"lastUpdated\": \"2017-07-20T22:00:00.000Z\",\n            \"firstUpdated\": \"2016-11-17T23:00:00.000Z\",\n            \"parameters\": [\n                \"pm10\",\n                \"pm25\"\n            ],\n            \"sourceName\": \"EEA Belgium\",\n            \"coordinates\": {\n                \"latitude\": 50.377593994140625,\n                \"longitude\": 4.4247002601623535\n            }\n        },\n        {\n            \"location\": \"45R512 - MARCHIENNE\",\n            \"city\": \"Wallonia\",\n            \"country\": \"BE\",\n            \"count\": 16702,\n            \"sourceNames\": [\n                \"EEA Belgium\"\n            ],\n            \"lastUpdated\": \"2017-07-20T22:00:00.000Z\",\n            \"firstUpdated\": \"2016-11-17T23:00:00.000Z\",\n            \"parameters\": [\n                \"pm25\",\n                \"so2\",\n                \"no2\",\n                \"pm10\",\n                \"co\"\n            ],\n            \"sourceName\": \"EEA Belgium\",\n            \"coordinates\": {\n                \"latitude\": 50.40781021118164,\n                \"longitude\": 4.395896911621094\n            }\n        },\n        {\n            \"location\": \"46th and Farnam\",\n            \"city\": \"Omaha-Council Bluffs\",\n            \"country\": \"US\",\n            \"count\": 12088,\n            \"sourceNames\": [\n                \"AirNow\"\n            ],\n            \"lastUpdated\": \"2017-11-09T15:00:00.000Z\",\n            \"firstUpdated\": \"2016-03-06T19:00:00.000Z\",\n            \"parameters\": [\n                \"pm10\"\n            ],\n            \"sourceName\": \"AirNow\",\n            \"coordinates\": {\n                \"latitude\": 41.25731658935547,\n                \"longitude\": -95.98383331298828\n            }\n        },\n        {\n            \"location\": \"47E007 - Sint-Pieters-Leeuw\",\n            \"city\": \"Flanders\",\n            \"country\": \"BE\",\n            \"count\": 3542,\n            \"sourceNames\": [\n                \"EEA Belgium\"\n            ],\n            \"lastUpdated\": \"2017-07-20T22:00:00.000Z\",\n            \"firstUpdated\": \"2016-11-17T23:00:00.000Z\",\n            \"parameters\": [\n                \"no2\"\n            ],\n            \"sourceName\": \"EEA Belgium\",\n            \"coordinates\": {\n                \"latitude\": 50.7952995300293,\n                \"longitude\": 4.252628326416016\n            }\n        },\n        {\n            \"location\": \"47E008 - Grimbergen\",\n            \"city\": \"Flanders\",\n            \"country\": \"BE\",\n            \"count\": 3591,\n            \"sourceNames\": [\n                \"EEA Belgium\"\n            ],\n            \"lastUpdated\": \"2017-07-20T22:00:00.000Z\",\n            \"firstUpdated\": \"2016-11-17T23:00:00.000Z\",\n            \"parameters\": [\n                \"no2\"\n            ],\n            \"sourceName\": \"EEA Belgium\",\n            \"coordinates\": {\n                \"latitude\": 50.92609405517578,\n                \"longitude\": 4.3959197998046875\n            }\n        }\n    ]\n}"
                        },
                        "schema": {
                            "$ref": "#/definitions/Getlocation"
                        }
                    },
                    "x-vb": {
                        "inferred": {
                            "default": true
                        }
                    }
                },
                "x-vb-actionHint": "retrieveMany"
            }
        }
    },
    "schemes": [
        "https"
    ],
    "swagger": "2.0"
}