{
    "fields": [
        {
            "hidden": false,
            "id": "id",
            "internal": true,
            "key": true,
            "oid": "b9f63993-6061-47fb-8f4a-c33e1a7ca8c6",
            "required": true,
            "singularName": "Id",
            "type": "number",
            "unique": true
        },
        {
            "hidden": false,
            "id": "creationDate",
            "internal": true,
            "key": false,
            "oid": "67abc2f5-8042-4dea-a69d-7f71f11fe9bc",
            "singularName": "Creation Date",
            "type": "datetime"
        },
        {
            "hidden": false,
            "id": "lastUpdateDate",
            "internal": true,
            "key": false,
            "oid": "c56e52a0-0ea4-4227-85c1-c3b0615a7357",
            "singularName": "Last Update Date",
            "type": "datetime"
        },
        {
            "hidden": false,
            "id": "createdBy",
            "internal": true,
            "key": false,
            "oid": "a50011ad-e016-4e35-a729-4d02d174f569",
            "singularName": "Created By",
            "type": "string"
        },
        {
            "hidden": false,
            "id": "lastUpdatedBy",
            "internal": true,
            "key": false,
            "oid": "aee878af-d289-4642-9969-5dc21ee56087",
            "singularName": "Last Updated By",
            "type": "string"
        },
        {
            "hidden": true,
            "id": "abcsChangeNumber",
            "internal": true,
            "key": false,
            "oid": "fe3a2a3a-e19a-45a8-93ff-9e3b8ef0affc",
            "singularName": "Update ID",
            "type": "number"
        },
        {
            "id": "twitterHandle",
            "oid": "734fd0e6-dce9-4c8a-865f-fcc21a1b9b1a",
            "singularName": "Twitter Handle",
            "type": "string"
        },
        {
            "id": "domain",
            "oid": "858be83e-9fc8-4f69-8172-b009758f5c78",
            "singularName": "Domain",
            "type": "string"
        },
        {
            "id": "name",
            "oid": "c3c0d64e-ffc5-4ec5-8af2-eba3a8528727",
            "singularName": "Name",
            "type": "string"
        },
        {
            "id": "category",
            "oid": "7e58cd5f-2501-4336-863d-614e4a4b1874",
            "singularName": "Category",
            "type": "string"
        }
    ],
    "id": "Celebrity",
    "oid": "e59b60d7-b5a3-4521-83fc-5d723d4aeb22",
    "singularName": "Celebrity"
}