id,creationDate,lastUpdateDate,createdBy,lastUpdatedBy,twitterHandle,domain,name,category
1,2018-06-11T22:29:48,2018-06-11T22:29:48,john.jullion-ceccarelli@oracle.com,john.jullion-ceccarelli@oracle.com,katyperry,katyperry.com,Katy Parry,Musician
2,2018-06-11T22:29:48,2018-06-11T22:29:48,john.jullion-ceccarelli@oracle.com,john.jullion-ceccarelli@oracle.com,justinbieber,smarturl.it,Justin Bieber,Musician
3,2018-06-11T22:29:48,2018-06-11T22:29:48,john.jullion-ceccarelli@oracle.com,john.jullion-ceccarelli@oracle.com,taylorswift13,grmypro.co,Taylor Swift,Musician
4,2018-06-11T22:29:48,2018-06-11T22:29:48,john.jullion-ceccarelli@oracle.com,john.jullion-ceccarelli@oracle.com,rihanna,rihannanow.com,Rihanna,Musician
5,2018-06-11T22:29:48,2018-06-11T22:29:48,john.jullion-ceccarelli@oracle.com,john.jullion-ceccarelli@oracle.com,ladygaga,,The Countess,Musician
6,2018-06-11T22:29:48,2018-06-11T22:29:48,john.jullion-ceccarelli@oracle.com,john.jullion-ceccarelli@oracle.com,jtimberlake,justintimberlake.com,Justin Timberlake,Musician
7,2018-06-11T22:29:48,2018-06-11T22:29:48,john.jullion-ceccarelli@oracle.com,john.jullion-ceccarelli@oracle.com,TheEllenShow,ellentube.com,Ellen DeGeneres,Actor
8,2018-06-11T22:29:48,2018-06-11T22:29:48,john.jullion-ceccarelli@oracle.com,john.jullion-ceccarelli@oracle.com,britneyspears,britney.lk,Britney Spears,Musician
9,2018-06-11T22:29:48,2018-06-11T22:29:48,john.jullion-ceccarelli@oracle.com,john.jullion-ceccarelli@oracle.com,Cristiano,,Cristiano Ronaldo,Athlete
10,2018-06-11T22:29:48,2018-06-11T22:29:48,john.jullion-ceccarelli@oracle.com,john.jullion-ceccarelli@oracle.com,KimKardashian,AppStore.com,Kim Kardashian West,Celebrity
11,2018-06-11T22:29:48,2018-06-11T22:29:48,john.jullion-ceccarelli@oracle.com,john.jullion-ceccarelli@oracle.com,shakira,rov.io,Shakira,Musician
12,2018-06-11T22:29:48,2018-06-11T22:29:48,john.jullion-ceccarelli@oracle.com,john.jullion-ceccarelli@oracle.com,selenagomez,smarturl.it,Selena Gomez,Musician
13,2018-06-11T22:29:48,2018-06-11T22:29:48,john.jullion-ceccarelli@oracle.com,john.jullion-ceccarelli@oracle.com,JLo,jlo.lk,Jennifer Lopez,Musician
14,2018-06-11T22:29:48,2018-06-11T22:29:48,john.jullion-ceccarelli@oracle.com,john.jullion-ceccarelli@oracle.com,ArianaGrande,smarturl.it,Ariana Grande,Musician
15,2018-06-11T22:29:48,2018-06-11T22:29:48,john.jullion-ceccarelli@oracle.com,john.jullion-ceccarelli@oracle.com,ddlovato,demilovato.com,Demi Lovato,Musician
16,2018-06-11T22:29:48,2018-06-11T22:29:48,john.jullion-ceccarelli@oracle.com,john.jullion-ceccarelli@oracle.com,jimmyfallon,tonightshow.com,jimmy fallon,Actor
17,2018-06-11T22:29:48,2018-06-11T22:29:48,john.jullion-ceccarelli@oracle.com,john.jullion-ceccarelli@oracle.com,Oprah,oprah.com,Oprah Winfrey,Celebrity
18,2018-06-11T22:29:48,2018-06-11T22:29:48,john.jullion-ceccarelli@oracle.com,john.jullion-ceccarelli@oracle.com,Pink,,P!nk,Musician
19,2018-06-11T22:29:48,2018-06-11T22:29:48,john.jullion-ceccarelli@oracle.com,john.jullion-ceccarelli@oracle.com,Drake,octobersveryown.com,Drizzy,Musician
20,2018-06-11T22:29:48,2018-06-11T22:29:48,john.jullion-ceccarelli@oracle.com,john.jullion-ceccarelli@oracle.com,Harry_Styles,onedirectionmusic.com,Harry Styles.,Musician
21,2018-06-11T22:29:48,2018-06-11T22:29:48,john.jullion-ceccarelli@oracle.com,john.jullion-ceccarelli@oracle.com,onedirection,onedirectionmusic.com,One Direction,Musician
22,2018-06-11T22:29:48,2018-06-11T22:29:48,john.jullion-ceccarelli@oracle.com,john.jullion-ceccarelli@oracle.com,BillGates,gatesnotes.com,Bill Gates,Entrepenuer
23,2018-06-11T22:29:48,2018-06-11T22:29:48,john.jullion-ceccarelli@oracle.com,john.jullion-ceccarelli@oracle.com,KingJames,LeBronJames.com,LeBron James,Athlete
24,2018-06-11T22:29:48,2018-06-11T22:29:48,john.jullion-ceccarelli@oracle.com,john.jullion-ceccarelli@oracle.com,LilTunechi,youngmoney.com,Lil Wayne WEEZY F,Musician
25,2018-06-11T22:29:48,2018-06-11T22:29:48,john.jullion-ceccarelli@oracle.com,john.jullion-ceccarelli@oracle.com,BrunoMars,brunomars.com,Bruno Mars,Musician
26,2018-06-11T22:29:48,2018-06-11T22:29:48,john.jullion-ceccarelli@oracle.com,john.jullion-ceccarelli@oracle.com,KAKA,,Kaka,Athlete
27,2018-06-11T22:29:48,2018-06-11T22:29:48,john.jullion-ceccarelli@oracle.com,john.jullion-ceccarelli@oracle.com,Adele,adele.com,Adele,Musician
28,2018-06-11T22:29:48,2018-06-11T22:29:48,john.jullion-ceccarelli@oracle.com,john.jullion-ceccarelli@oracle.com,NiallOfficial,onedirectionmusic.com,Niall Horan,Musician
29,2018-06-11T22:29:48,2018-06-11T22:29:48,john.jullion-ceccarelli@oracle.com,john.jullion-ceccarelli@oracle.com,MileyCyrus,,Miley Ray Cyrus,Musician
30,2018-06-11T22:29:48,2018-06-11T22:29:48,john.jullion-ceccarelli@oracle.com,john.jullion-ceccarelli@oracle.com,aliciakeys,aliciakeys.com,Alicia Keys,Musician
31,2018-06-11T22:29:48,2018-06-11T22:29:48,john.jullion-ceccarelli@oracle.com,john.jullion-ceccarelli@oracle.com,KevinHart4real,whatnowtour.com,Kevin Hart,Actor
32,2018-06-11T22:29:48,2018-06-11T22:29:48,john.jullion-ceccarelli@oracle.com,john.jullion-ceccarelli@oracle.com,wizkhalifa,wizkhalifa.com,Cameron,Musician
33,2018-06-11T22:29:48,2018-06-11T22:29:48,john.jullion-ceccarelli@oracle.com,john.jullion-ceccarelli@oracle.com,pitbull,youtube.com,Pitbull,Musician
34,2018-06-11T22:29:48,2018-06-11T22:29:48,john.jullion-ceccarelli@oracle.com,john.jullion-ceccarelli@oracle.com,Real_Liam_Payne,onedirectionmusic.com,Liam,Musician
35,2018-06-11T22:29:48,2018-06-11T22:29:48,john.jullion-ceccarelli@oracle.com,john.jullion-ceccarelli@oracle.com,Louis_Tomlinson,,Louis Tomlinson,Musician
36,2018-06-11T22:29:48,2018-06-11T22:29:48,john.jullion-ceccarelli@oracle.com,john.jullion-ceccarelli@oracle.com,NICKIMINAJ,,NICKI MINAJ,Musician
37,2018-06-11T22:29:48,2018-06-11T22:29:48,john.jullion-ceccarelli@oracle.com,john.jullion-ceccarelli@oracle.com,neymarjr,neymaroficial.com,Neymar Jr,Athlete
38,2018-06-11T22:29:48,2018-06-11T22:29:48,john.jullion-ceccarelli@oracle.com,john.jullion-ceccarelli@oracle.com,Eminem,eminem.com,Marshall Mathers,Musician
39,2018-06-11T22:29:48,2018-06-11T22:29:48,john.jullion-ceccarelli@oracle.com,john.jullion-ceccarelli@oracle.com,EmWatson,,Emma Watson,Actor
40,2018-06-11T22:29:48,2018-06-11T22:29:48,john.jullion-ceccarelli@oracle.com,john.jullion-ceccarelli@oracle.com,AvrilLavigne,smarturl.it,Avril Lavigne,Musician
41,2018-06-11T22:29:48,2018-06-11T22:29:48,john.jullion-ceccarelli@oracle.com,john.jullion-ceccarelli@oracle.com,ActuallyNPH,,Neil Patrick Harris,Actor
42,2018-06-11T22:29:48,2018-06-11T22:29:48,john.jullion-ceccarelli@oracle.com,john.jullion-ceccarelli@oracle.com,danieltosh,danieltosh.com,daniel tosh,Actor
43,2018-06-11T22:29:48,2018-06-11T22:29:48,john.jullion-ceccarelli@oracle.com,john.jullion-ceccarelli@oracle.com,davidguetta,davidguetta.com,David Guetta,Musician
44,2018-06-11T22:29:48,2018-06-11T22:29:48,john.jullion-ceccarelli@oracle.com,john.jullion-ceccarelli@oracle.com,ConanOBrien,teamcoco.com,Conan O'Brien,Actor
45,2018-06-11T22:29:48,2018-06-11T22:29:48,john.jullion-ceccarelli@oracle.com,john.jullion-ceccarelli@oracle.com,SrBachchan,srbachchan.tumblr.com,Amitabh Bachchan,Musician
46,2018-06-11T22:29:48,2018-06-11T22:29:48,john.jullion-ceccarelli@oracle.com,john.jullion-ceccarelli@oracle.com,aplusk,,ashton kutcher,Actor
47,2018-06-11T22:29:48,2018-06-11T22:29:48,john.jullion-ceccarelli@oracle.com,john.jullion-ceccarelli@oracle.com,khloekardashian,khloewithak.com,Khlo’©,Celebrity
48,2018-06-11T22:29:48,2018-06-11T22:29:48,john.jullion-ceccarelli@oracle.com,john.jullion-ceccarelli@oracle.com,kourtneykardash,,Kourtney Kardashian,Celebrity
49,2018-06-11T22:29:48,2018-06-11T22:29:48,john.jullion-ceccarelli@oracle.com,john.jullion-ceccarelli@oracle.com,zaynmalik,,zayn,Musician
