id,creationDate,lastUpdateDate,createdBy,lastUpdatedBy,description,amount,dateIncurred,category,approved
1,2017-11-15T23:30:20,2017-12-21T22:15:04,sherry.yu@oracle.com,sherry.yu@oracle.com,Lunch,10.0,2017-11-01,Dining,true
2,2017-11-15T23:30:20,2017-12-21T22:15:11,sherry.yu@oracle.com,sherry.yu@oracle.com,Team dinner,20.0,2017-11-04,Dining,true
3,2017-11-15T23:30:20,2017-12-21T22:15:17,sherry.yu@oracle.com,sherry.yu@oracle.com,Coffee,5.0,2017-10-31,Dining,true
4,2017-11-15T23:30:20,2017-12-21T22:15:27,sherry.yu@oracle.com,sherry.yu@oracle.com,Caltrain tickets,9.0,2017-10-07,Transportation,true
5,2017-11-15T23:30:20,2017-12-21T22:15:34,sherry.yu@oracle.com,sherry.yu@oracle.com,Gas,40.0,2017-11-07,Transportation,true
6,2017-11-15T23:30:20,2017-11-15T23:38:27,sherry.yu@oracle.com,sherry.yu@oracle.com,Airfare SFO->PRG,1000.0,2017-09-16,Travel,
7,2017-11-16T00:22:05,2017-11-16T00:22:05.601,sherry.yu@oracle.com,sherry.yu@oracle.com,Office supplies,25.0,2017-11-15,Office supplies,true
8,2017-12-21T22:12:54,2017-12-21T22:12:55.055,sherry.yu@oracle.com,sherry.yu@oracle.com,Lunch,17.99,2017-12-21,Dining,true
9,2017-12-21T22:14:39,2017-12-21T22:14:39.239,sherry.yu@oracle.com,sherry.yu@oracle.com,Airfare SFO-LAX,300.0,2017-12-21,Travel,
