id,creationDate,lastUpdateDate,createdBy,lastUpdatedBy,description,amount,dateIncurred,category,approved
1,2017-11-15T23:30:20,2017-11-15T23:37:34,sherry.yu@oracle.com,sherry.yu@oracle.com,Lunch,10.0,2017-11-01,Dining,
2,2017-11-15T23:30:20,2017-11-15T23:37:49,sherry.yu@oracle.com,sherry.yu@oracle.com,Team dinner,20.0,2017-11-04,Dining,
3,2017-11-15T23:30:20,2017-11-15T23:37:57,sherry.yu@oracle.com,sherry.yu@oracle.com,Coffee,5.0,2017-10-31,Dining,
4,2017-11-15T23:30:20,2017-11-15T23:38:07,sherry.yu@oracle.com,sherry.yu@oracle.com,Caltrain tickets to Oracle Openworld,9.0,2017-10-07,Transportation,
5,2017-11-15T23:30:20,2017-11-15T23:38:18,sherry.yu@oracle.com,sherry.yu@oracle.com,Gas,40.0,2017-11-07,Transportation,
6,2017-11-15T23:30:20,2017-11-15T23:38:27,sherry.yu@oracle.com,sherry.yu@oracle.com,Airfare SFO->PRG,1000.0,2017-09-16,Travel,
7,2017-11-16T00:22:05,2017-11-16T00:22:05.601,sherry.yu@oracle.com,sherry.yu@oracle.com,Office supplies,25.0,2017-11-15,Office supplies,true
27,2017-11-28T23:49:24,2017-11-28T23:49:24.479,sherry.yu@oracle.com,sherry.yu@oracle.com,Lunch with customer,199.0,2017-11-28,Dining,true
28,2017-11-28T23:49:40,2017-11-28T23:49:40.257,sherry.yu@oracle.com,sherry.yu@oracle.com,Dinner,201.0,2017-11-28,Dining,
47,2017-12-07T21:19:57,2017-12-07T21:19:58.063,sherry.yu@oracle.com,sherry.yu@oracle.com,Business trip to LA,150.0,2017-12-07,Travel,true
48,2017-12-07T21:20:04,2017-12-07T21:20:04.467,sherry.yu@oracle.com,sherry.yu@oracle.com,Business trip to LA,150.0,2017-12-07,Travel,true
49,2017-12-07T22:35:23,2017-12-07T22:35:23.219,sherry.yu@oracle.com,sherry.yu@oracle.com,Business trip,150.0,2017-12-07,Travel,true
