{
    "flowModelVersion": "18.2.3",
    "id": "main",
    "description": "Flow main",
    "defaultPage": "main-start",
    "chains": {},
    "services": {},
    "types": {
        "getallCelebrityResponse": {
            "items": [
                {
                    "id": "number",
                    "twitterHandle": "string",
                    "name": "string"
                }
            ]
        },
        "@decorators.getallCelebrityResponse": {
            "endpoint": "getall_Celebrity",
            "service": "businessObjects",
            "path": "response"
        },
        "getCelebrityResponse": {
            "twitterHandle": "string",
            "domain": "string",
            "name": "string",
            "category": "string"
        },
        "@decorators.getCelebrityResponse": {
            "endpoint": "get_Celebrity",
            "service": "businessObjects",
            "path": "response"
        }
      },
    "variables": {}
}