{
  "pageModelVersion": "18.2.3",
  "title": "My start page",
  "description": "The starting page of the flow",
  "variables": {
    "expenseReportListServiceDataProvider": {
      "type": "vb/ServiceDataProvider",
      "defaultValue": {
        "endpoint": "businessObjects/getall_ExpenseReport",
        "idAttribute": "id",
        "itemsPath": "items",
        "responseType": "flow:getallExpenseReportResponse",
        "filterCriterion": {
          "op": "{{ \"$or\" }}",
          "criteria": [
            {
              "attribute": "{{ \"name\" }}",
              "op": "{{ \"$co\" }}",
              "value": "{{ \"\" }}"
            }
          ]
        },
        "sortCriteria": [
          {
            "attribute": "{{ \"\" }}"
          }
        ]
      }
    },
    "oj_list_view_482825175_1SelectedId": {
      "type": "string",
      "defaultValue": ""
    }
  },
  "types": {},
  "chains": {
    "navigateToCreateExpenseReportChain": {
      "root": "navigateToCreate",
      "actions": {
        "navigateToCreate": {
          "module": "vb/action/builtin/navigateToPageAction",
          "parameters": {
            "history": "push",
            "page": "CreateExpenseReport",
            "params": {}
          },
          "outcomes": {
            "success": ""
          }
        }
      }
    },
    "oj_list_view_482825175_1ChangeSelectionChain": {
      "variables": {
        "expenseReportId": {
          "type": "string",
          "input": "fromCaller",
          "defaultValue": ""
        }
      },
      "root": "assignVariable",
      "actions": {
        "assignVariable": {
          "module": "vb/action/builtin/assignVariablesAction",
          "parameters": {
            "$page.variables.oj_list_view_482825175_1SelectedId": {
              "source": "[[ $chain.variables.expenseReportId ]]"
            }
          },
          "outcomes": {
            "success": ""
          }
        }
      }
    },
    "navigateToEditExpense": {
      "description": "",
      "variables": {
        "detail": {
          "required": true,
          "type": "any",
          "input": "fromCaller"
        }
      },
      "root": "navigateToPage1",
      "actions": {
        "navigateToPage1": {
          "module": "vb/action/builtin/navigateToPageAction",
          "parameters": {
            "page": "EditExpenseReport",
            "params": {
              "expenseReportId": "{{ $page.variables.oj_list_view_482825175_1SelectedId }}"
            },
            "history": "push"
          }
        }
      }
    }
  },
  "eventListeners": {
    "createExpenseReportButtonClicked": {
      "chains": [
        {
          "chainId": "navigateToCreateExpenseReportChain"
        }
      ]
    },
    "oj_list_view_482825175_1SelectionChanged": {
      "chains": [
        {
          "chainId": "oj_list_view_482825175_1ChangeSelectionChain",
          "parameters": {
            "expenseReportId": "[[ $event.detail.value[0] || '' ]]"
          }
        }
      ]
    },
    "editExpenseReportButtonClicked": {
      "chains": [
        {
          "chainId": "navigateToEditExpenseReportChain"
        }
      ]
    },
    "p4828251751Click": {
      "chains": [
        {
          "chainId": "navigateToEditExpense",
          "parameters": {
            "detail": "{{ $event.detail }}"
          }
        }
      ]
    }
  },
  "imports": {
    "components": {
      "oj-list-view": {
        "path": "ojs/ojlistview"
      },
      "oj-label": {
        "path": "ojs/ojlabel"
      },
      "oj-toolbar": {
        "path": "ojs/ojtoolbar"
      },
      "oj-button": {
        "path": "ojs/ojbutton"
      },
      "oj-input-text": {
        "path": "ojs/ojinputtext"
      },
      "oj-select-one": {
        "path": "ojs/ojselectcombobox"
      }
    }
  }
}