{
    "displayLabel": "Continent",
    "name": "Continent",
    "oid": "3ee3ff97-a0cc-4611-a8c6-8a66e66ec1a6",
    "fields": [
        {
            "displayLabel": "Id",
            "internal": true,
            "unique": true,
            "name": "id",
            "oid": "a8f97275-ef37-47f5-bdeb-43a2059fa82c",
            "type": "number",
            "key": true,
            "required": true
        },
        {
            "displayLabel": "Created",
            "internal": true,
            "name": "creationDate",
            "oid": "db0790f3-fa07-4fc1-8710-3d0defd2abd1",
            "type": "datetime"
        },
        {
            "displayLabel": "Last Updated",
            "internal": true,
            "name": "lastUpdateDate",
            "oid": "beb46521-17fb-4bc8-9600-62d0f2962d2e",
            "type": "datetime"
        },
        {
            "displayLabel": "Created By",
            "internal": true,
            "name": "createdBy",
            "oid": "01af79da-fcec-4a2b-8e73-7308dd92d64a",
            "type": "string"
        },
        {
            "displayLabel": "Last Updated By",
            "internal": true,
            "name": "lastUpdatedBy",
            "oid": "ea9879bb-9d1c-4ea0-9006-4b1a56512b18",
            "type": "string"
        },
        {
            "displayLabel": "<internal>",
            "internal": true,
            "hidden": true,
            "name": "abcsChangeNumber",
            "oid": "6b52a617-e744-4860-af86-dbd6ca6488e5",
            "type": "number"
        },
        {
            "displayLabel": "name",
            "name": "name",
            "oid": "845afbd4-d423-469b-a350-ad011a6913da",
            "type": "string"
        }
    ],
    "relationships": [
        {
            "displayField": "name",
            "exposeAccessor": false,
            "mappingField": "id",
            "name": "Country.continent.Collection",
            "reverseRelationship": "continentObject",
            "targetEntity": "Country",
            "type": "incoming"
        }
    ]
}