{
    "fields": [
        {
            "hidden": false,
            "id": "id",
            "internal": true,
            "key": true,
            "oid": "22ffbf54-c2b1-4075-bda0-d06b07ecbdae",
            "required": true,
            "singularName": "Id",
            "type": "number",
            "unique": true
        },
        {
            "hidden": false,
            "id": "creationDate",
            "internal": true,
            "key": false,
            "oid": "7aff5782-e57e-488c-b6fb-2e655a7c67c7",
            "singularName": "Creation Date",
            "type": "datetime"
        },
        {
            "hidden": false,
            "id": "lastUpdateDate",
            "internal": true,
            "key": false,
            "oid": "dc396acb-7d5f-4562-9f0e-5d43a8332ff4",
            "singularName": "Last Update Date",
            "type": "datetime"
        },
        {
            "hidden": false,
            "id": "createdBy",
            "internal": true,
            "key": false,
            "oid": "a463535b-e10f-47a8-8b6a-39652b759ffd",
            "singularName": "Created By",
            "type": "string"
        },
        {
            "hidden": false,
            "id": "lastUpdatedBy",
            "internal": true,
            "key": false,
            "oid": "a4f3d1be-85ec-46ab-b451-1daef5d1ce36",
            "singularName": "Last Updated By",
            "type": "string"
        },
        {
            "hidden": true,
            "id": "abcsChangeNumber",
            "internal": true,
            "key": false,
            "oid": "440ace1d-5010-4061-8735-1942ddaa61ec",
            "singularName": "Update ID",
            "type": "number"
        },
        {
            "id": "name",
            "oid": "a6b5bf25-9fbd-4c1d-969a-e5fd36dcaa65",
            "singularName": "name",
            "type": "string"
        }
    ],
    "hidden": false,
    "id": "Quality",
    "oid": "fea9a33b-c99a-4e33-9ea7-6b1057b1fce3",
    "singularName": "Quality"
}