{
    "fields": [
        {
            "hidden": false,
            "id": "id",
            "internal": true,
            "key": true,
            "oid": "6644b2ac-1171-44e1-852f-cdb2ac3e900f",
            "required": true,
            "singularName": "Id",
            "type": "number",
            "unique": true
        },
        {
            "hidden": false,
            "id": "creationDate",
            "internal": true,
            "key": false,
            "oid": "b57a4a28-f6bb-47bc-a45f-c128d20925e1",
            "singularName": "Creation Date",
            "type": "datetime"
        },
        {
            "hidden": false,
            "id": "lastUpdateDate",
            "internal": true,
            "key": false,
            "oid": "4eef7ec3-716f-4f41-a080-a0d2deb766f0",
            "singularName": "Last Update Date",
            "type": "datetime"
        },
        {
            "hidden": false,
            "id": "createdBy",
            "internal": true,
            "key": false,
            "oid": "c3c9a4f5-064f-43bd-83a6-5ab96284e7d3",
            "singularName": "Created By",
            "type": "string"
        },
        {
            "hidden": false,
            "id": "lastUpdatedBy",
            "internal": true,
            "key": false,
            "oid": "459723bd-1996-4f7f-932e-ea10f7a92d3f",
            "singularName": "Last Updated By",
            "type": "string"
        },
        {
            "hidden": true,
            "id": "abcsChangeNumber",
            "internal": true,
            "key": false,
            "oid": "eef9b1a6-d151-4e78-820a-22f598d3d20e",
            "singularName": "Update ID",
            "type": "number"
        },
        {
            "id": "sessionID",
            "oid": "612d5281-629d-4588-b634-d1503c5254e7",
            "singularName": "Session ID",
            "type": "string"
        },
        {
            "id": "preregistered",
            "oid": "36be9860-41fa-43dc-81bb-ad33fe235ca7",
            "singularName": "Preregistered",
            "type": "number"
        },
        {
            "id": "status",
            "oid": "5c4b5bab-1bf9-45ae-b480-f9fdb5f521ad",
            "singularName": "Status",
            "type": "reference"
        },
        {
            "id": "speaker",
            "oid": "4a2effc7-783a-43ac-97a8-62a43167e8e3",
            "singularName": "Speaker",
            "type": "reference"
        },
        {
            "id": "title",
            "oid": "16c82f78-024a-49fb-9285-639481b778d7",
            "singularName": "Title",
            "type": "string"
        },
        {
            "id": "sessionType",
            "oid": "151f4059-dc62-4515-9da0-4b4e7227a49a",
            "singularName": "Session Type",
            "type": "reference"
        },
        {
            "id": "length",
            "oid": "63fe0e09-e11a-4700-b125-8f3d1383d9e1",
            "singularName": "Length",
            "type": "number"
        },
        {
            "id": "date_",
            "oid": "62245c2d-5fea-4499-a5f7-3a23c42bafed",
            "singularName": "Date",
            "type": "datetime"
        },
        {
            "id": "time_",
            "oid": "b54ea64b-bd0c-413b-bee6-af682e7b9172",
            "singularName": "Time",
            "type": "time"
        },
        {
            "id": "room",
            "oid": "989f9023-2b3f-4ee1-b4e7-7d3a00b1a34a",
            "singularName": "Room",
            "type": "reference"
        },
        {
            "id": "cost",
            "oid": "2aeebd1b-b82d-411f-8b81-ef7c18b9cb94",
            "singularName": "Cost",
            "type": "string"
        }
    ],
    "hidden": false,
    "id": "Courses",
    "oid": "cb8e577e-138c-4768-9e63-0168e137814b",
    "relations": [
        {
            "accessorId": "roomObject",
            "cardinality": "manyToOne",
            "defaultDisplayFieldId": "roomName",
            "deleteRule": "restrict",
            "mappingFieldId": "room",
            "sourceEntityId": "Courses",
            "targetEntityId": "Rooms"
        },
        {
            "accessorId": "sessionTypeObject",
            "cardinality": "manyToOne",
            "defaultDisplayFieldId": "displayName",
            "deleteRule": "restrict",
            "mappingFieldId": "sessionType",
            "sourceEntityId": "Courses",
            "targetEntityId": "SessionType"
        },
        {
            "accessorId": "speakerObject",
            "cardinality": "manyToOne",
            "defaultDisplayFieldId": "name",
            "deleteRule": "restrict",
            "mappingFieldId": "speaker",
            "sourceEntityId": "Courses",
            "targetEntityId": "Speakers"
        },
        {
            "accessorId": "statusObject",
            "cardinality": "manyToOne",
            "defaultDisplayFieldId": "displayName",
            "deleteRule": "restrict",
            "mappingFieldId": "status",
            "sourceEntityId": "Courses",
            "targetEntityId": "Status"
        }
    ],
    "singularName": "Courses"
}