{
    "displayLabel": "Country",
    "hidden": false,
    "name": "Country",
    "oid": "683ff9bc-7604-42e8-9f94-c8a54e17eb36",
    "fields": [
        {
            "displayLabel": "Id",
            "internal": true,
            "hidden": false,
            "unique": true,
            "name": "id",
            "oid": "c35e1108-b335-46e3-940d-6959d24cac98",
            "type": "number",
            "key": true,
            "required": true
        },
        {
            "displayLabel": "Creation Date",
            "internal": true,
            "hidden": false,
            "name": "creationDate",
            "oid": "626b7d4a-5cd2-4a63-9d4f-d4c1742e7a47",
            "type": "datetime",
            "key": false
        },
        {
            "displayLabel": "Last Update Date",
            "internal": true,
            "hidden": false,
            "name": "lastUpdateDate",
            "oid": "ee5301b2-df67-4cfd-94e6-4069e2c6c7ce",
            "type": "datetime",
            "key": false
        },
        {
            "displayLabel": "Created By",
            "internal": true,
            "hidden": false,
            "name": "createdBy",
            "oid": "caa854fd-c484-4bd3-8b2b-d954598f7c44",
            "type": "string",
            "key": false
        },
        {
            "displayLabel": "Last Updated By",
            "internal": true,
            "hidden": false,
            "name": "lastUpdatedBy",
            "oid": "20cdb217-e088-4f6f-aa29-13570e008272",
            "type": "string",
            "key": false
        },
        {
            "displayLabel": "Update ID",
            "internal": true,
            "hidden": true,
            "name": "abcsChangeNumber",
            "oid": "b4349573-66b0-45ee-bee2-94da57cfa59b",
            "type": "number",
            "key": false
        },
        {
            "displayLabel": "name",
            "name": "name",
            "oid": "5eba0a07-afe6-4ff6-b191-5cd851b3be95",
            "type": "string"
        }
    ],
    "relationships": [
        {
            "displayField": "name",
            "exposeAccessor": false,
            "mappingField": "id",
            "name": "Beer.country.Collection",
            "reverseRelationship": "countryObject",
            "targetEntity": "Beer",
            "type": "incoming"
        }
    ]
}