{
  "pageModelVersion": "19.4.3",
  "title": "",
  "description": "",
  "variables": {
    "editEmployeeDetails": {
      "type": "get_Employee"
    },
    "employee_ID": {
      "type": "number",
      "required": true,
      "input": "fromUrl"
    }
  },
  "metadata": {},
  "types": {
    "@decorators.get_Employee": {
      "endpoint": "get_Employee",
      "service": "businessObjects",
      "path": "response"
    },
    "get_Employee": {
      "firstName": "string",
      "id": "number",
      "lastName": "string",
      "salary": "number"
    }
  },
  "chains": {
    "getDatafromMainPage": {
      "root": "GetEmployeesEndPoint",
      "description": "",
      "variables": {},
      "actions": {
        "GetEmployeesEndPoint": {
          "module": "vb/action/builtin/restAction",
          "parameters": {
            "endpoint": "businessObjects/get_Employee",
            "uriParams": {
              "Employee_Id": "{{ $page.variables.employee_ID }}"
            }
          },
          "outcomes": {
            "failure": "CallRestEndpointFaliure",
            "success": "AssignValuesFromEndPoint"
          }
        },
        "CallRestEndpointFaliure": {
          "module": "vb/action/builtin/fireNotificationEventAction",
          "parameters": {
            "target": "leaf",
            "summary": "[[ $chain.results.GetEmployeesEndPoint.message.summary ]]",
            "type": "error",
            "displayMode": "persist"
          }
        },
        "AssignValuesFromEndPoint": {
          "module": "vb/action/builtin/assignVariablesAction",
          "parameters": {
            "$page.variables.editEmployeeDetails": {
              "source": "{{ $chain.results.GetEmployeesEndPoint.body }}",
              "auto": "always",
              "reset": "empty"
            }
          }
        }
      }
    },
    "SaveEmployeeDataActionChain": {
      "description": "",
      "root": "Validity_tracker",
      "actions": {
        "Validity_tracker": {
          "module": "vb/action/builtin/callModuleFunctionAction",
          "parameters": {
            "module": "[[ $functions ]]",
            "functionName": "validate_form",
            "params": [
              "form_edit"
            ],
            "returnType": "boolean"
          },
          "outcomes": {
            "success": "FormValidityTrackerCondition"
          }
        },
        "navigateBackToMainPage": {
          "module": "vb/action/builtin/navigateBackAction"
        },
        "FormValidityTrackerCondition": {
          "module": "vb/action/builtin/ifAction",
          "parameters": {
            "condition": "[[ $chain.results.Validity_tracker ]]"
          },
          "outcomes": {
            "true": "UpdateEmployeeRESTendpoint"
          }
        },
        "UpdateEmployeeRESTendpoint": {
          "module": "vb/action/builtin/restAction",
          "parameters": {
            "endpoint": "businessObjects/update_Employee",
            "uriParams": {
              "Employee_Id": "{{ $page.variables.employee_ID }}"
            },
            "body": "{{ $page.variables.editEmployeeDetails }}"
          },
          "outcomes": {
            "failure": "UpadteEmployeeRESTendpointFaliure",
            "success": "navigateBackToMainPage"
          }
        },
        "UpadteEmployeeRESTendpointFaliure": {
          "module": "vb/action/builtin/fireNotificationEventAction",
          "parameters": {
            "target": "leaf",
            "summary": "[[ $chain.results.UpdateEmployeeRESTendpoint.message.summary ]]",
            "type": "error",
            "displayMode": "persist"
          }
        }
      },
      "variables": {
        "detail": {
          "required": true,
          "type": "any",
          "input": "fromCaller"
        }
      }
    },
    "NavigateBackToMainPage": {
      "description": "",
      "root": "navigateBack1",
      "actions": {
        "navigateBack1": {
          "module": "vb/action/builtin/navigateBackAction"
        }
      },
      "variables": {
        "detail": {
          "required": true,
          "type": "any",
          "input": "fromCaller"
        }
      }
    }
  },
  "eventListeners": {
    "NavigateBack": {
      "chains": [
        {
          "chainId": "NavigateBackToMainPage",
          "parameters": {
            "detail": "{{ $event.detail }}"
          }
        }
      ]
    },
    "SaveData": {
      "chains": [
        {
          "chainId": "SaveEmployeeDataActionChain",
          "parameters": {
            "detail": "{{ $event.detail }}"
          }
        }
      ]
    },
    "vbEnter": {
      "chains": [
        {
          "chainId": "getDatafromMainPage",
          "parameters": {}
        }
      ]
    }
  },
  "imports": {
    "components": {
      "oj-ext-mobile-page-template": {
        "path": "vb/components/mobile-page-template/loader"
      },
      "oj-text-area": {
        "path": "ojs/ojinputtext"
      },
      "oj-input-number": {
        "path": "ojs/ojinputnumber"
      },
      "oj-button": {
        "path": "ojs/ojbutton"
      },
      "oj-form-layout": {
        "path": "ojs/ojformlayout"
      },
      "oj-validation-group": {
        "path": "ojs/ojvalidationgroup"
      },
      "oj-input-text": {
        "path": "ojs/ojinputtext"
      }
    }
  },
  "events": {}
}