{
  "pageModelVersion": "19.4.3",
  "title": "",
  "description": "",
  "variables": {
    "countryListSDP": {
      "type": "vb/ServiceDataProvider",
      "defaultValue": {
        "endpoint": "businessObjects/getall_Country",
        "idAttribute": "id",
        "itemsPath": "items",
        "responseType": "page:getallCountryResponse",
        "sortCriteria": [
          {
            "attribute": "countryName"
          }
        ]
      }
    },
    "ascending": {
      "type": "boolean",
      "defaultValue": true,
      "onValueChanged": {
        "chains": [
          {
            "chainId": "sortOrderChangeChain",
            "parameters": {
              "event": "{{ $event }}"
            }
          }
        ]
      }
    }
  },
  "metadata": {},
  "types": {
    "getallCountryResponse": {
      "items": [
        {
          "countryCode": "string",
          "countryName": "string",
          "id": "number"
        }
      ]
    },
    "@decorators.getallCountryResponse": {
      "endpoint": "getall_Country",
      "service": "businessObjects",
      "path": "response"
    }
  },
  "chains": {
    "sortOrderChangeChain": {
      "description": "",
      "variables": {
        "value": {
          "required": true,
          "type": "any",
          "input": "fromCaller"
        }
      },
      "root": "updateSortDirectionInSDP",
      "actions": {
        "updateSortDirectionInSDP": {
          "module": "vb/action/builtin/assignVariablesAction",
          "parameters": {
            "$page.variables.countryListSDP": {
              "source": {
                "sortCriteria": [
                  {
                    "direction": "{{ $page.variables.ascending ? 'ascending' : 'descending' }}"
                  }
                ]
              },
              "reset": "none",
              "mapping": {
                "$target.sortCriteria[0].direction": {
                  "source": "$source.sortCriteria[0].direction"
                }
              }
            }
          }
        }
      }
    }
  },
  "eventListeners": {
  },
  "imports": {
    "components": {
      "oj-select-one": {
        "path": "ojs/ojselectcombobox"
      },
      "oj-switch": {
        "path": "ojs/ojswitch"
      },
      "oj-label": {
        "path": "ojs/ojlabel"
      },
      "oj-option": {
        "path": "ojs/ojoption"
      },
      "oj-list-view": {
        "path": "ojs/ojlistview"
      },
      "oj-vb-list-item": {
        "path": "vb/components/list-item/loader"
      }
    }
  }
}