{
  "title": "Component Context Recipe",
  "description": "",
  "variables": {
    "employee": {
      "type": "page:getEmployeeResponse"
    },
    "employeeDetailFormLoadingStatus": {
      "type": "string",
      "defaultValue": "pending"
    },
    "employeeDetailFormRenderedFields": {
      "type": "any[]",
      "onValueChanged": {
        "chains": [
          {
            "chainId": "loadEmployeeChain",
            "parameters": {
              "fetchedFields": "[[ $variables.employeeDetailFormRenderedFields ]]"
            }
          }
        ]
      }
    },
    "profileType": {
      "type": {
        "profile": "string"
      },
      "defaultValue": {
        "profile": "internal"
      }
    }
  },
  "metadata": {
    "businessObjectsGetEmployeeMetadata": {
      "type": "vb/DynamicLayoutMetadataProviderDescriptor",
      "defaultValue": {
        "endpoint": "businessObjects/get_Employee"
      }
    }
  },
  "types": {
    "getEmployeeResponse": "object"
  },
  "chains": {},
  "eventListeners": {},
  "imports": {
    "components": {
      "oj-dynamic-form": {
        "path": "oj-dynamic/form/loader"
      },
      "oj-option": {
        "path": "ojs/ojoption"
      },
      "oj-radioset": {
        "path": "ojs/ojradioset"
      }
    }
  }
}