{
  "pageModelVersion": "19.4.3",
  "title": "",
  "description": "",
  "variables": {
    "employeeListSDP": {
      "type": "vb/ServiceDataProvider",
      "defaultValue": {
        "endpoint": "businessObjects/getall_Employee",
        "idAttribute": "id",
        "itemsPath": "items",
        "responseType": "page:getallEmployeeResponse"
      }
    },
    "selectedEmployee": {
      "type": {
        "value": "string",
        "label": "string"
      },
      "defaultValue": {
        "value": "",
        "label": ""
      }
    },
    "selectedRow": {
      "type": {
        "key": "string"
      }
    },
    "filters": {
      "type": "filter[]",
      "defaultValue": [{
          "op": "$sw",
          "attribute": "firstName",
          "value": ""
        },
        {
          "op": "$sw",
          "attribute": "lastName",
          "value": ""
        },
        {
          "op": "$eq",
          "attribute": "departmentObject.id",
          "value": null
        },
        {
          "op": "$eq",
          "attribute": "skillCollection.id",
          "value": []
        },
        {
          "op": "$ge",
          "attribute": "salary",
          "value": null
        },
        {
          "op": "$le",
          "attribute": "salary",
          "value": null
        }
      ]
    },
    "departmentListSDP": {
      "type": "vb/ServiceDataProvider",
      "defaultValue": {
        "endpoint": "businessObjects/getall_Department",
        "idAttribute": "id",
        "itemsPath": "items",
        "responseType": "page:getallDepartmentResponse"
      }
    },
    "skillListSDP": {
      "type": "vb/ServiceDataProvider",
      "defaultValue": {
        "endpoint": "businessObjects/getall_Skill",
        "idAttribute": "id",
        "itemsPath": "items",
        "responseType": "page:getallSkillResponse"
      }
    },
    "AdvanceSearchEmployeeListSDP": {
      "type": "vb/ServiceDataProvider",
      "defaultValue": {
        "endpoint": "businessObjects/getall_Employee",
        "idAttribute": "id",
        "itemsPath": "items",
        "responseType": "page:getallEmployeeResponseForAdvanceSearch"
      }
    }
  },
  "metadata": {},
  "types": {
    "getallEmployeeResponse": {
      "items": [{
        "firstName": "string",
        "id": "number",
        "lastName": "string"
      }]
    },
    "@decorators.getallEmployeeResponse": {
      "endpoint": "getall_Employee",
      "service": "businessObjects",
      "path": "response"
    },
    "filter": {
      "op": "string",
      "attribute": "string",
      "value": "any"
    },
    "getallDepartmentResponse": {
      "items": [{
        "departmentName": "string",
        "id": "number"
      }]
    },
    "@decorators.getallDepartmentResponse": {
      "endpoint": "getall_Department",
      "service": "businessObjects",
      "path": "response"
    },
    "getallSkillResponse": {
      "items": [{
        "id": "number",
        "name": "string"
      }]
    },
    "@decorators.getallSkillResponse": {
      "endpoint": "getall_Skill",
      "service": "businessObjects",
      "path": "response"
    },
    "getallEmployeeResponseForAdvanceSearch": {
      "items": [{
        "departmentObject": {
          "items": [{
            "departmentName": "string"
          }]
        },
        "firstName": "string",
        "id": "number",
        "jobObject": {
          "items": [{
            "jobTitle": "string"
          }]
        },
        "lastName": "string",
        "salary": "number",
        "skillCollection": {
          "items": [{
            "name": "string"
          }]
        }
      }]
    },
    "@decorators.getallEmployeeResponseForAdvanceSearch": {
      "endpoint": "getall_Employee",
      "service": "businessObjects",
      "path": "response"
    }
  },
  "chains": {
    "ComboboxOneValueChangeChain": {
      "description": "",
      "variables": {
        "value": {
          "required": true,
          "type": "any",
          "input": "fromCaller"
        }
      },
      "root": "selectedEmployeeAssignVariables",
      "actions": {
        "selectedEmployeeAssignVariables": {
          "module": "vb/action/builtin/assignVariablesAction",
          "parameters": {
            "$page.variables.selectedEmployee": {
              "source": "{{ {\n\"value\":\"{{$chain.variables.value.data.id}}\",\n\"label\":\"{{$chain.variables.value.data.label}}\"\n} }}",
              "auto": "ifNoMappings",
              "reset": "empty",
              "mapping": {
                "$target.label": "$chain.variables.value.data.label + \" \" + $chain.variables.value.data.lastName",
                "$target.value": "$chain.variables.value.data.id"
              }
            }
          }
        }
      }
    },
    "OpenAdvancedSearchDialog": {
      "description": "",
      "variables": {
        "detail": {
          "required": true,
          "type": "any",
          "input": "fromCaller"
        }
      },
      "root": "openDialogComponentMethod",
      "actions": {
        "openDialogComponentMethod": {
          "module": "vb/action/builtin/callComponentMethodAction",
          "parameters": {
            "component": "{{ document.getElementById('advanced-search-oj-dialog') }}",
            "method": "open"
          }
        }
      }
    },
    "OKButtonActionChain": {
      "description": "",
      "variables": {
        "detail": {
          "required": true,
          "type": "any",
          "input": "fromCaller"
        }
      },
      "root": "if1",
      "actions": {
        "closeDialogComponentMethod": {
          "module": "vb/action/builtin/callComponentMethodAction",
          "parameters": {
            "component": "{{ document.getElementById('advanced-search-oj-dialog') }}",
            "method": "close"
          },
          "outcomes": {
            "success": "resetVariables1"
          }
        },
        "if1": {
          "module": "vb/action/builtin/ifAction",
          "parameters": {
            "condition": "[[ $page.variables.selectedRow.key ]]"
          },
          "outcomes": {
            "true": "assignVariables1",
            "false": "closeDialogComponentMethod"
          }
        },
        "assignVariables1": {
          "module": "vb/action/builtin/assignVariablesAction",
          "parameters": {
            "$page.variables.selectedEmployee": {
              "source": "{\n \"value\": \"{{ $page.variables.selectedRow.key }}\",\n \"label\": \"{{$page.variables.selectedRow.data.firstName + \" \"+ $page.variables.selectedRow.data.lastName }}\"\n}",
              "auto": "always",
              "reset": "none",
              "mapping": {
                "$target.label": {
                  "source": "$page.variables.selectedRow.data.firstName + \" \"+ $page.variables.selectedRow.data.lastName",
                  "reset": "none"
                },
                "$target.value": "$page.variables.selectedRow.key"
              }
            }
          },
          "outcomes": {
            "success": "closeDialogComponentMethod"
          }
        },
        "resetVariables1": {
          "module": "vb/action/builtin/resetVariablesAction",
          "parameters": {
            "variables": [
              "$page.variables.filters",
              "$page.variables.AdvanceSearchEmployeeListSDP.filterCriterion",
              "$page.variables.selectedRow"
            ]
          }
        }
      }
    },
    "CancelButtonActionChain": {
      "description": "",
      "variables": {
        "detail": {
          "required": true,
          "type": "any",
          "input": "fromCaller"
        }
      },
      "root": "resetVariables1",
      "actions": {
        "CancelButtonActionChain": {
          "module": "vb/action/builtin/callComponentMethodAction",
          "parameters": {
            "component": "{{ document.getElementById('advanced-search-oj-dialog') }}",
            "method": "close"
          }
        },
        "resetVariables1": {
          "module": "vb/action/builtin/resetVariablesAction",
          "parameters": {
            "variables": [
              "$page.variables.selectedRow",
              "$page.variables.selectedEmployee",
              "$page.variables.filters",
              "$page.variables.AdvanceSearchEmployeeListSDP.filterCriterion"
            ]
          },
          "outcomes": {
            "success": "CancelButtonActionChain"
          }
        }
      }
    },
    "ResetFiltersActionChain": {
      "description": "",
      "variables": {
        "detail": {
          "required": true,
          "type": "any",
          "input": "fromCaller"
        }
      },
      "root": "FilterResetVariables",
      "actions": {
        "FilterResetVariables": {
          "module": "vb/action/builtin/resetVariablesAction",
          "parameters": {
            "variables": [
              "$page.variables.AdvanceSearchEmployeeListSDP.filterCriterion",
              "$page.variables.filters",
              "$page.variables.departmentListSDP.filterCriterion.criteria"
            ]
          }
        }
      }
    },
    "ApplyFilterActionChain": {
      "description": "",
      "variables": {
        "detail": {
          "required": true,
          "type": "any",
          "input": "fromCaller"
        }
      },
      "root": "filterModuleFunction",
      "actions": {
        "filterModuleFunction": {
          "module": "vb/action/builtin/callModuleFunctionAction",
          "parameters": {
            "module": "[[ $page.functions ]]",
            "functionName": "mapToCriteria",
            "params": [
              "{{ $page.variables.filters }}"
            ]
          },
          "outcomes": {
            "success": "filtercriterionAssignVariable"
          }
        },
        "filtercriterionAssignVariable": {
          "module": "vb/action/builtin/assignVariablesAction",
          "parameters": {
            "$page.variables.AdvanceSearchEmployeeListSDP": {
              "source": {
                "filterCriterion": {
                  "op": "$and",
                  "criteria": "{{ $chain.results.filterModuleFunction }}"
                }
              },
              "reset": "none",
              "auto": "always",
              "mapping": {
                "$target.filterCriterion": {
                  "source": "$source.filterCriterion",
                  "reset": "none",
                  "auto": "always",
                  "mapping": {
                    "$target.criteria": {
                      "source": "$source.criteria",
                      "reset": "empty"
                    }
                  }
                }
              }
            }
          }
        }
      }
    },
    "DeSelectEmployeeChain": {
      "description": "",
      "variables": {
        "detail": {
          "required": true,
          "type": "any",
          "input": "fromCaller"
        }
      },
      "root": "resetselectedEmployee",
      "actions": {
        "resetselectedEmployee": {
          "module": "vb/action/builtin/resetVariablesAction",
          "parameters": {
            "variables": [
              "$page.variables.selectedEmployee"
            ]
          }
        }
      }
    }
  },
  "eventListeners": {
    "spanClick": {
      "chains": [{
        "chainId": "DeSelectEmployeeChain",
        "parameters": {
          "detail": "{{ $event.detail }}"
        }
      }]
    },
    "spanClick2": {
      "chains": [{
        "chainId": "OpenAdvancedSearchDialog",
        "parameters": {
          "detail": "{{ $event.detail }}"
        }
      }]
    },
    "employeeListDropdownValue": {
      "chains": [{
        "chainId": "ComboboxOneValueChangeChain",
        "parameters": {
          "value": "{{ $event.detail }}"
        }
      }]
    },
    "okojButtonOjAction": {
      "chains": [{
        "chainId": "OKButtonActionChain"
      }]
    },
    "searchojButtonOjAction": {
      "chains": [{
        "chainId": "ApplyFilterActionChain",
        "parameters": {
          "detail": "{{ $event.detail }}"
        }
      }]
    },
    "resetojButtonOjAction": {
      "chains": [{
        "chainId": "ResetFiltersActionChain",
        "parameters": {
          "detail": "{{ $event.detail }}"
        }
      }]
    },
    "cancelojButtonOjAction": {
      "chains": [{
        "chainId": "CancelButtonActionChain"
      }]
    }
  },
  "imports": {
    "components": {
      "oj-label": {
        "path": "ojs/ojlabel"
      },
      "oj-combobox-one": {
        "path": "ojs/ojselectcombobox"
      },
      "oj-dialog": {
        "path": "ojs/ojdialog"
      },
      "oj-button": {
        "path": "ojs/ojbutton"
      },
      "oj-table": {
        "path": "ojs/ojtable"
      },
      "oj-radioset": {
        "path": "ojs/ojradioset"
      },
      "oj-option": {
        "path": "ojs/ojoption"
      },
      "oj-form-layout": {
        "path": "ojs/ojformlayout"
      },
      "oj-input-text": {
        "path": "ojs/ojinputtext"
      },
      "oj-select-single": {
        "path": "ojs/ojselectsingle"
      },
      "oj-select-many": {
        "path": "ojs/ojselectcombobox"
      },
      "oj-input-number": {
        "path": "ojs/ojinputnumber"
      }
    }
  }
}