{
  "pageModelVersion": "19.4.3",
  "title": "",
  "description": "",
  "variables": {
    "selectionMode": {
      "type": "string",
      "defaultValue": "none"
    },
    "isSelectionRequired": {
      "type": "boolean"
    },
    "regionListSDP": {
      "type": "vb/ServiceDataProvider",
      "defaultValue": {
        "endpoint": "businessObjects/getall_Region",
        "idAttribute": "id",
        "itemsPath": "items",
        "responseType": "page:getallRegionResponse"
      }
    },
    "selectedRegionIds": {
      "type": "number[]"
    },
    "selectedRegions": {
      "type": "object[]"
    },
    "firstSelectedItem": {
      "type": "object",
      "defaultValue": {}
    },
    "currentItemId": {
      "type": "string"
    },
    "currentItemName": {
      "type": "string"
    }
  },
  "metadata": {},
  "types": {
    "getallRegionResponse": {
      "items": [
        {
          "id": "number",
          "regionName": "string"
        }
      ]
    },
    "@decorators.getallRegionResponse": {
      "endpoint": "getall_Region",
      "service": "businessObjects",
      "path": "response"
    }
  },
  "chains": {
    "ListViewFirstSelectedItemChangeChain": {
      "description": "",
      "variables": {
        "rowKey": {
          "required": true,
          "type": "any",
          "input": "fromCaller"
        },
        "rowData": {
          "required": true,
          "type": "any",
          "input": "fromCaller"
        }
      },
      "root": "isRowDataNull",
      "actions": {
        "isRowDataNull": {
          "module": "vb/action/builtin/ifAction",
          "parameters": {
            "condition": "[[ $chain.variables.rowData !== null ]]"
          },
          "outcomes": {
            "true": "assignFirstSelectedItem",
            "false": "resetFirstSelectedItem"
          }
        },
        "assignFirstSelectedItem": {
          "module": "vb/action/builtin/assignVariablesAction",
          "parameters": {
            "$page.variables.currentItemId": {
              "source": "{{ $chain.variables.rowKey }}"
            },
            "$page.variables.firstSelectedItem": {
              "source": "{{ $chain.variables.rowData }}",
              "auto": "always"
            }
          }
        },
        "resetFirstSelectedItem": {
          "module": "vb/action/builtin/resetVariablesAction",
          "parameters": {
            "variables": [
              "$page.variables.firstSelectedItem",
              "$page.variables.currentItemId"
            ]
          }
        }
      }
    },
    "ListViewSelectedChangeChain": {
      "description": "",
      "variables": {
        "keys": {
          "required": true,
          "type": "any[]",
          "input": "fromCaller"
        }
      },
      "root": "assignVariables1",
      "actions": {
        "assignVariables1": {
          "module": "vb/action/builtin/assignVariablesAction",
          "parameters": {
            "$page.variables.selectedRegionIds": {
              "source": "{{ $chain.variables.keys }}"
            }
          }
        }
      }
    }
  },
  "eventListeners": {
    "ojListViewFirstSelectedItem": {
      "chains": [
        {
          "chainId": "ListViewFirstSelectedItemChangeChain",
          "parameters": {
            "rowKey": "{{$event.detail.value.key}}",
            "rowData": "{{$event.detail.value.data}}"
          }
        }
      ]
    },
    "ojListViewSelected": {
      "chains": [
        {
          "chainId": "ListViewSelectedChangeChain",
          "parameters": {
            "keys": "{{ Array.from($event.detail.value.values()) }}"
          }
        }
      ]
    }
  },
  "imports": {
    "components": {
      "oj-form-layout": {
        "path": "ojs/ojformlayout"
      },
      "oj-select-one": {
        "path": "ojs/ojselectcombobox"
      },
      "oj-switch": {
        "path": "ojs/ojswitch"
      },
      "oj-option": {
        "path": "ojs/ojoption"
      },
      "oj-label": {
        "path": "ojs/ojlabel"
      },
      "oj-list-view": {
        "path": "ojs/ojlistview"
      },
      "oj-vb-list-item": {
        "path": "vb/components/list-item/loader"
      }
    }
  }
}