{
  "title": "",
  "description": "",
  "variables": {
    "dateFormat": {
      "type": {
        "type": "string",
        "options": {
          "pattern": "string"
        }
      },
      "defaultValue": {
        "type": "datetime",
        "options": {
          "pattern": "MM/dd/yy"
        }
      }
    },
    "dateFormatOptions": {
      "type": "object[]",
      "defaultValue": [
        {
          "value": "yy-MM-dd",
          "label": "yy-MM-dd"
        },
        {
          "value": "MM/dd/yy",
          "label": "MM/dd/yy"
        }
      ]
    },
    "dateFormatOptionsADP": {
      "type": "vb/ArrayDataProvider2",
      "defaultValue": {
        "data": "{{ $variables.dateFormatOptions }}",
        "keyAttributes": "value",
        "textFilterAttributes": [
          "value"
        ]
      }
    }
  },
  "metadata": {},
  "types": {},
  "chains": {},
  "eventListeners": {},
  "imports": {
    "components": {
      "oj-form-layout": {
        "path": "ojs/ojformlayout"
      },
      "oj-input-date": {
        "path": "ojs/ojdatetimepicker"
      },
      "oj-select-single": {
        "path": "ojs/ojselectsingle"
      }
    },
    "modules": {
      "ojValidationDateTime": {
        "path": "ojs/ojvalidation-datetime"
      }
    }
  }
}