{
    "fields": [
        {
            "hidden": false,
            "id": "id",
            "internal": true,
            "key": true,
            "oid": "3967c439-c03a-48d9-81bf-058056d717a1",
            "required": true,
            "singularName": "Id",
            "type": "number",
            "unique": true
        },
        {
            "hidden": false,
            "id": "creationDate",
            "internal": true,
            "key": false,
            "oid": "a774d2cb-3839-464b-a886-99ab80a63c00",
            "singularName": "Creation Date",
            "type": "datetime"
        },
        {
            "hidden": false,
            "id": "lastUpdateDate",
            "internal": true,
            "key": false,
            "oid": "5dee5c89-2814-4333-8a0d-57172ac49211",
            "singularName": "Last Update Date",
            "type": "datetime"
        },
        {
            "hidden": false,
            "id": "createdBy",
            "internal": true,
            "key": false,
            "oid": "23c6d643-fccb-4f05-beec-5750a9dbec3b",
            "singularName": "Created By",
            "type": "string"
        },
        {
            "hidden": false,
            "id": "lastUpdatedBy",
            "internal": true,
            "key": false,
            "oid": "406a2d1c-fa76-44c1-8853-c78689936f78",
            "singularName": "Last Updated By",
            "type": "string"
        },
        {
            "hidden": true,
            "id": "abcsChangeNumber",
            "internal": true,
            "key": false,
            "oid": "682347c5-f3bb-48f4-a689-71339890b9cd",
            "singularName": "Update ID",
            "type": "number"
        },
        {
            "id": "expenseReport",
            "oid": "5428ff96-90ca-4887-808b-29e3f44dda28",
            "singularName": "Expense Report",
            "type": "reference"
        },
        {
            "id": "name",
            "oid": "d28f7cd2-3326-4178-b882-2dd6e3ffcd58",
            "singularName": "Name",
            "type": "string"
        },
        {
            "id": "amount",
            "oid": "cd667d60-c921-46a7-a0b2-b2a390b94b85",
            "singularName": "Amount",
            "type": "number"
        }
    ],
    "hidden": false,
    "id": "LineItem",
    "oid": "e6ca352f-301a-45b4-8c0b-7ba022da18c1",
    "relations": [
        {
            "accessorId": "expenseReportObject",
            "cardinality": "manyToOne",
            "defaultDisplayFieldId": "name",
            "deleteRule": "restrict",
            "mappingFieldId": "expenseReport",
            "sourceEntityId": "LineItem",
            "targetEntityId": "ExpenseReport"
        }
    ],
    "singularName": "Line Item"
}