{

  "title": "",
  "description": "",
  "variables": {
    "pageReady": {
      "type": "boolean",
      "defaultValue": false
    },
    "isSaveDisabled": {
      "type": "boolean",
      "defaultValue": false
    },
    "employee": {
      "type": "get_Employee"
    }
  },
  "metadata": {},
  "types": {
    "@decorators.get_Employee": {
      "endpoint": "get_Employee",
      "service": "businessObjects",
      "path": "response"
    },
    "get_Employee": {
      "createdBy": "string",
      "creationDate": "string",
      "departmentId": "number",
      "email": "string",
      "firstName": "string",
      "hireDate": "string",
      "id": "number",
      "lastName": "string",
      "lastUpdateDate": "string",
      "lastUpdatedBy": "string",
      "phoneNumber": "string",
      "salary": "number"
    }
  },
  "chains": {
    "fetchEmployeeChain": {
      "root": "callRestEndpoint1",
      "description": "",
      "variables": {},
      "actions": {
        "callRestEndpoint1": {
          "module": "vb/action/builtin/restAction",
          "parameters": {
            "endpoint": "businessObjects/getall_Employee",
            "uriParams": {
              "limit": "1"
            }
          },
          "outcomes": {
            "failure": "fireNotification1",
            "success": "assignVariables1"
          }
        },
        "fireNotification1": {
          "module": "vb/action/builtin/fireNotificationEventAction",
          "parameters": {
            "target": "leaf",
            "summary": "[[ $chain.results.callRestEndpoint1.message.summary ]]",
            "type": "error",
            "displayMode": "persist"
          }
        },
        "assignVariables1": {
          "module": "vb/action/builtin/assignVariablesAction",
          "parameters": {
            "$page.variables.employee": {
              "source": "{{ $chain.results.callRestEndpoint1.body.items[0] }}",
              "auto": "always"
            }
          },
          "outcomes": {
            "success": "simulateSlowExecution"
          }
        },
        "assignVariables2": {
          "module": "vb/action/builtin/assignVariablesAction",
          "parameters": {
            "$page.variables.pageReady": {
              "source": true
            }
          }
        },
        "simulateSlowExecution": {
          "module": "vb/action/builtin/callModuleFunctionAction",
          "parameters": {
            "module": "[[ $functions ]]",
            "functionName": "sleep"
          },
          "outcomes": {
            "success": "assignVariables2"
          }
        }
      }
    },
    "UpdateEmployeeChain": {
      "description": "",
      "variables": {
        "detail": {
          "required": true,
          "type": "any",
          "input": "fromCaller"
        }
      },
      "root": "disableSaveButton",
      "actions": {
        "enableSaveButton": {
          "module": "vb/action/builtin/assignVariablesAction",
          "parameters": {
            "$page.variables.isSaveDisabled": {
              "source": false
            }
          }
        },
        "disableSaveButton": {
          "module": "vb/action/builtin/assignVariablesAction",
          "parameters": {
            "$page.variables.isSaveDisabled": {
              "source": true
            }
          },
          "outcomes": {
            "success": "employeeSuccessNotification"
          }
        },
        "employeeSuccessNotification": {
          "module": "vb/action/builtin/fireNotificationEventAction",
          "parameters": {
            "target": "leaf",
            "summary": "Success!",
            "message": "Record updated successfully. Reload the page to see updated record!",
            "type": "confirmation"
          },
          "outcomes": {
            "success": "enableSaveButton"
          }
        }
      }
    }
  },
  "eventListeners": {

    "vbEnter": {
      "chains": [{
        "chainId": "fetchEmployeeChain",
        "parameters": {}
      }]
    },
    "ojButtonOjAction": {
      "chains": [{
        "chainId": "UpdateEmployeeChain",
        "parameters": {
          "detail": "{{ $event.detail }}"
        }
      }]
    }
  },
  "imports": {
    "components": {
      "oj-label": {
        "path": "ojs/ojlabel"
      },
      "oj-input-text": {
        "path": "ojs/ojinputtext"
      },
      "oj-button": {
        "path": "ojs/ojbutton"
      },
      "oj-form-layout": {
        "path": "ojs/ojformlayout"
      }
    }
  },
  "constants": {}
}