{
    "applicationModelVersion": "18.1.1",
    "id": "starter",
    "description": "A new VB app",
    "shellPage": "shell",
    "defaultPage": "start",
    "pages": [
        "start"
    ],
    "chains": {},
    "services": {
        "businessObjects": "../../services/businessObjects/service.json"
    },
    "types": {
        "getallCoursesResponse": {
            "items": [
                {
                    "id": "number",
                    "preregistered": "number",
                    "title": "string",
                    "length": "number",
                    "date_": "string",
                    "time_": "string",
                    "cost": "string",
                    "roomObject": {
                        "totalResults": "number",
                        "count": "number",
                        "hasMore": "boolean",
                        "limit": "number",
                        "offset": "number",
                        "links": [
                            {
                                "href": "string",
                                "rel": "string",
                                "properties": {
                                    "changeIndicator": "string"
                                }
                            }
                        ],
                        "items": [
                            {
                                "links": [
                                    {
                                        "href": "string",
                                        "rel": "string",
                                        "properties": {
                                            "changeIndicator": "string"
                                        }
                                    }
                                ],
                                "id": "number",
                                "creationDate": "string",
                                "lastUpdateDate": "string",
                                "createdBy": "string",
                                "lastUpdatedBy": "string",
                                "abcsChangeNumber": "number",
                                "roomName": "string",
                                "floor": "number",
                                "capacity": "number"
                            }
                        ]
                    },
                    "sessionTypeObject": {
                        "totalResults": "number",
                        "count": "number",
                        "hasMore": "boolean",
                        "limit": "number",
                        "offset": "number",
                        "links": [
                            {
                                "href": "string",
                                "rel": "string",
                                "properties": {
                                    "changeIndicator": "string"
                                }
                            }
                        ],
                        "items": [
                            {
                                "links": [
                                    {
                                        "href": "string",
                                        "rel": "string",
                                        "properties": {
                                            "changeIndicator": "string"
                                        }
                                    }
                                ],
                                "id": "number",
                                "creationDate": "string",
                                "lastUpdateDate": "string",
                                "createdBy": "string",
                                "lastUpdatedBy": "string",
                                "abcsChangeNumber": "number",
                                "displayName": "string",
                                "sequence_": "number",
                                "description": "string",
                                "active": "boolean"
                            }
                        ]
                    },
                    "speakerObject": {
                        "totalResults": "number",
                        "count": "number",
                        "hasMore": "boolean",
                        "limit": "number",
                        "offset": "number",
                        "links": [
                            {
                                "href": "string",
                                "rel": "string",
                                "properties": {
                                    "changeIndicator": "string"
                                }
                            }
                        ],
                        "items": [
                            {
                                "links": [
                                    {
                                        "href": "string",
                                        "rel": "string",
                                        "properties": {
                                            "changeIndicator": "string"
                                        }
                                    }
                                ],
                                "id": "number",
                                "creationDate": "string",
                                "lastUpdateDate": "string",
                                "createdBy": "string",
                                "lastUpdatedBy": "string",
                                "abcsChangeNumber": "number",
                                "name": "string",
                                "specialism": "string"
                            }
                        ]
                    },
                    "statusObject": {
                        "totalResults": "number",
                        "count": "number",
                        "hasMore": "boolean",
                        "limit": "number",
                        "offset": "number",
                        "links": [
                            {
                                "href": "string",
                                "rel": "string",
                                "properties": {
                                    "changeIndicator": "string"
                                }
                            }
                        ],
                        "items": [
                            {
                                "links": [
                                    {
                                        "href": "string",
                                        "rel": "string",
                                        "properties": {
                                            "changeIndicator": "string"
                                        }
                                    }
                                ],
                                "id": "number",
                                "creationDate": "string",
                                "lastUpdateDate": "string",
                                "createdBy": "string",
                                "lastUpdatedBy": "string",
                                "abcsChangeNumber": "number",
                                "displayName": "string",
                                "sequence_": "number",
                                "description": "string",
                                "active": "boolean"
                            }
                        ]
                    }
                }
            ]
        },
        "getallCoursesResponse2": {
            "items": [
                {
                    "id": "number",
                    "sessionID": "string",
                    "preregistered": "number",
                    "status": "number",
                    "speaker": "number",
                    "title": "string",
                    "sessionType": "number",
                    "length": "number",
                    "date_": "string",
                    "time_": "string",
                    "room": "number",
                    "cost": "string"
                }
            ]
        }
    },
    "variables": {},
    "userConfig": {
        "type": "vb/UserSecurityProvider",
        "configuration": {}
    }
}