{
  "pageModelVersion": "18.4.1",
  "title": "",
  "description": "",
  "variables": {
    "expenseReportListSDP": {
      "type": "vb/ServiceDataProvider",
      "defaultValue": {
        "endpoint": "businessObjects/getall_ExpenseReport",
        "idAttribute": "id",
        "itemsPath": "items",
        "responseType": "page:getallExpenseReportResponse"
      }
    },
    "selectedReport": {
      "type": "get_ExpenseReport"
    }
  },
  "types": {
    "getallExpenseReportResponse": {
      "items": [
        {
          "id": "number",
          "name": "string",
          "amount": "number"
        }
      ]
    },
    "@decorators.getallExpenseReportResponse": {
      "endpoint": "getall_ExpenseReport",
      "service": "businessObjects",
      "path": "response"
    },
    "@decorators.get_ExpenseReport": {
      "endpoint": "get_ExpenseReport",
      "service": "businessObjects",
      "path": "response"
    },
    "get_ExpenseReport": {
      "name": "string",
      "startDate": "string",
      "endDate": "string",
      "amount": "number"
    }
  },
  "chains": {
    "ListViewSelectionChange": {
      "description": "",
      "variables": {
        "selection": {
          "required": true,
          "type": "any[]",
          "input": "fromCaller"
        }
      },
      "root": "callRestEndpoint1",
      "actions": {
        "callRestEndpoint1": {
          "module": "vb/action/builtin/restAction",
          "parameters": {
            "endpoint": "businessObjects/get_ExpenseReport",
            "uriParams": {
              "ExpenseReport_Id": "{{ $chain.variables.selection[0] }}"
            }
          },
          "outcomes": {
            "success": "assignVariables1"
          }
        },
        "assignVariables1": {
          "module": "vb/action/builtin/assignVariablesAction",
          "parameters": {
            "$page.variables.selectedReport": {
              "source": "{{ $chain.results.callRestEndpoint1.body }}"
            }
          }
        }
      }
    }
  },
  "eventListeners": {
    "ojListView6034574391Selection": {
      "chains": [
        {
          "chainId": "ListViewSelectionChange",
          "parameters": {
            "selection": "{{ $event.detail.value }}"
          }
        }
      ]
    }
  },
  "imports": {
    "components": {
      "oj-list-view": {
        "path": "ojs/ojlistview"
      },
      "oj-label": {
        "path": "ojs/ojlabel"
      },
      "oj-form-layout": {
        "path": "ojs/ojformlayout"
      },
      "oj-input-text": {
        "path": "ojs/ojinputtext"
      },
      "oj-input-number": {
        "path": "ojs/ojinputnumber"
      },
      "oj-input-date": {
        "path": "ojs/ojdatetimepicker"
      }
    }
  }
}