{
    "fields": [
        {
            "hidden": false,
            "id": "id",
            "internal": true,
            "key": true,
            "oid": "0b2ea9c5-53af-4eb3-b466-67020d9fabd9",
            "required": true,
            "singularName": "Id",
            "type": "number",
            "unique": true
        },
        {
            "hidden": false,
            "id": "creationDate",
            "internal": true,
            "key": false,
            "oid": "479ebba8-10a4-4ea3-ba23-639251328b37",
            "singularName": "Creation Date",
            "type": "datetime"
        },
        {
            "hidden": false,
            "id": "lastUpdateDate",
            "internal": true,
            "key": false,
            "oid": "5e5875dc-605f-403c-b1de-5ca64ceded9a",
            "singularName": "Last Update Date",
            "type": "datetime"
        },
        {
            "hidden": false,
            "id": "createdBy",
            "internal": true,
            "key": false,
            "oid": "e02cab53-8d2c-435b-8e43-4486f58b7c38",
            "singularName": "Created By",
            "type": "string"
        },
        {
            "hidden": false,
            "id": "lastUpdatedBy",
            "internal": true,
            "key": false,
            "oid": "5f802332-a52a-49ec-a9b2-d3777e987043",
            "singularName": "Last Updated By",
            "type": "string"
        },
        {
            "hidden": true,
            "id": "abcsChangeNumber",
            "internal": true,
            "key": false,
            "oid": "03993045-2305-470c-8eda-95ba8ecc36f2",
            "singularName": "Update ID",
            "type": "number"
        },
        {
            "id": "displayName",
            "oid": "fa62b9ad-510e-407a-a20a-17877c24fbe9",
            "singularName": "displayName",
            "type": "string"
        }
    ],
    "hidden": false,
    "id": "Status",
    "oid": "78e9e218-103e-495d-b1a5-7679d42bf7a6",
    "singularName": "Status"
}