{
  "pageModelVersion": "18.1.1",
  "title": "Create Expense",
  "description": "Creates new Expenses",
  "variables": {
    "expenses": {
      "type": "create_Expenses"
    }
  },
  "types" : {
    "@decorators.create_Expenses": {
      "endpoint": "create_Expenses",
      "service": "businessObjects",
      "path": "request"
    },
    "create_Expenses": {
      "amount": "number",
      "category": "string",
      "dateIncurred": "string",
      "description": "string"
    }
  },
  "chains": {
    "goBackChain": {
      "root": "navigateBack",
      "actions": {
        "navigateBack": {
          "module": "vb/action/builtin/navigateBackAction",
          "outcomes": {
            "success": ""
          }
        }
      }
    },
    "createExpensesChain": {
      "root": "createExpenses",
      "actions": {
        "createExpenses": {
          "module": "vb/action/builtin/restAction",
          "parameters": {
            "endpoint": "businessObjects/create_Expenses",
            "body": "{{ $page.variables.expenses }}"
          },
          "outcomes": {
            "success": "fireSuccessNotification",
            "failure": "fireErrorNotification"
          }
        },
        "fireSuccessNotification": {
          "module": "vb/action/builtin/fireNotificationEventAction",
          "parameters": {
            "message": "",
            "type": "confirmation",
            "displayMode": "transient",
            "summary": "Expenses record successfully created"
          },
          "outcomes": {
            "success": "navigateBack"
          }
        },
        "fireErrorNotification": {
          "module": "vb/action/builtin/fireNotificationEventAction",
          "parameters": {
            "message": "",
            "type": "error",
            "displayMode": "persist",
            "summary": "{{ 'Could not create new Expenses: status ' + $chain.results.createExpenses.payload.status }}"
          },
          "outcomes": {}
        },
        "navigateBack": {
          "module": "vb/action/builtin/navigateBackAction",
          "outcomes": {
            "success": ""
          }
        }
      }
    }
  },
  "eventListeners": {
    "backButtonClicked": {
      "chains": [{
        "chainId": "goBackChain"
      }]
    },
    "saveButtonClicked": {
      "chains": [{
        "chainId": "createExpensesChain"
      }]
    }
  },
  "imports": {
    "components": {
      "oj-input-number": {
        "path": "ojs/ojinputnumber"
      },
      "oj-input-text": {
        "path": "ojs/ojinputtext"
      },
      "oj-form-layout": {
        "path": "ojs/ojformlayout"
      },
      "oj-toolbar": {
        "path": "ojs/ojtoolbar"
      },
      "oj-button": {
        "path": "ojs/ojbutton"
      },
      "oj-input-date": {
        "path": "ojs/ojdatetimepicker"
      }
    }
  }
}