{
    "fields": [
        {
            "hidden": false,
            "id": "id",
            "internal": true,
            "key": true,
            "oid": "c22fcfcb-739c-471c-9768-9a6a2ba20ce4",
            "required": true,
            "singularName": "Id",
            "type": "number",
            "unique": true
        },
        {
            "hidden": false,
            "id": "creationDate",
            "internal": true,
            "key": false,
            "oid": "4929442f-0f6e-47c7-bfdf-8e614d893bb7",
            "singularName": "Creation Date",
            "type": "datetime"
        },
        {
            "hidden": false,
            "id": "lastUpdateDate",
            "internal": true,
            "key": false,
            "oid": "86bc42a8-d06d-4a28-8c98-2ab74153cf83",
            "singularName": "Last Update Date",
            "type": "datetime"
        },
        {
            "hidden": false,
            "id": "createdBy",
            "internal": true,
            "key": false,
            "oid": "e069f807-3ea6-42b1-8b99-1b2d4f50c0e2",
            "singularName": "Created By",
            "type": "string"
        },
        {
            "hidden": false,
            "id": "lastUpdatedBy",
            "internal": true,
            "key": false,
            "oid": "d7c1c184-5f9e-4c35-adfb-af61a2ef2c7f",
            "singularName": "Last Updated By",
            "type": "string"
        },
        {
            "hidden": true,
            "id": "abcsChangeNumber",
            "internal": true,
            "key": false,
            "oid": "1a5475cd-fde3-4c48-ac84-f9f5288f0b92",
            "singularName": "Update ID",
            "type": "number"
        },
        {
            "id": "name",
            "oid": "5a10bf9d-8bba-4ab9-b420-1e1297471353",
            "singularName": "name",
            "type": "string"
        }
    ],
    "hidden": false,
    "id": "BeerType",
    "oid": "05700a9d-fb83-4284-bff0-5a737469cc44",
    "singularName": "BeerType"
}