{
    "vbcs.dt.version": "20211213-22.04.1",
    "version": "1.4.2",
    "source.version": "2204",
    "rootURL": "vbcookbook",
    "dependencies": {
        "upgrade": "micro",
        "paths": {
            "jet": "https://static.oracle.com/cdn/jet/11.1.6",
            "visualRuntime": "https://static.oracle.com/cdn/vb/2204.3.0",
            "telemetry": "https://static.oracle.com/cdn/trace/5.0.0"
        }
    },
    "migration": {
        "2204": [
            "RTIconFontImportMigrator",
            "TabbedWebAppShellCssMigrator",
            "NavigateActionMigrator",
            "ValidationImportMigrator",
            "ActionsJsonMigrator",
            "RemoveMetadataImportMetadataMigrator",
            "ACTJsSpecsMigrator",
            "AppUIRootPageMigrator"
        ]
    }
}