{
    "vbcs.dt.version": "20230308-23.07.0",
    "version": "2.0.9",
    "source.version": "2304",
    "rootURL": "vbcookbook",
    "features": {
        "codeChainsEnabled": false
    },
    "dependencies": {
        "upgrade": "micro",
        "paths": {
            "jet": "https://static.oracle.com/cdn/jet/13.1.7",
            "visualRuntime": "https://static.oracle.com/cdn/vb/2304.0.0",
            "telemetry": "https://static.oracle.com/cdn/trace/7.2.1"
        }
    },
    "migration": {
        "2304": [
            "ReferenceToNumberFieldTypeMigrator",
            "SetHistoryTypeMigrator"
        ]
    }
}