{"fields":[{"id":"id","internal":true,"key":true,"oid":"88fafcb8-d76b-4192-90af-3071bff6917d","required":true,"singularName":"Id","type":"number","unique":true},{"id":"creationDate","internal":true,"oid":"7c0d184f-b771-41f3-8903-f272c628de35","singularName":"Created","type":"datetime"},{"id":"lastUpdateDate","internal":true,"oid":"2a513197-ca03-4524-9834-1ae1abb92ce5","singularName":"Last Updated","type":"datetime"},{"id":"createdBy","internal":true,"oid":"0f3dc57c-2341-4708-936b-6d9905eeca95","singularName":"Created By","type":"string"},{"id":"lastUpdatedBy","internal":true,"oid":"a25ad04d-87dd-4d7b-94ad-7c1ae12e1251","singularName":"Last Updated By","type":"string"},{"hidden":true,"id":"abcsChangeNumber","internal":true,"oid":"5b11de26-49cb-4000-ae6d-4a0443b30765","singularName":"<internal>","type":"number"},{"id":"quality","oid":"025723e3-2475-4b32-b72a-08d7a0e37b76","required":true,"singularName":"Quality","type":"reference"},{"id":"beer","oid":"d4b13b04-6cc4-4c63-a656-959352673d97","required":true,"singularName":"Beer","type":"reference"}],"id":"BeerQuality","oid":"98d2f142-3a26-46b1-94e0-92233c2d5313","relations":[{"accessorId":"qualityObject","cardinality":"manyToOne","defaultDisplayFieldId":"name","deleteRule":"cascade","mappingFieldId":"quality","derivedRelationInfoMap":{"$reverse":{"accessorId":"beerQualityCollection"}},"sourceEntityId":"BeerQuality","targetEntityId":"Quality"},{"accessorId":"beerObject","cardinality":"manyToOne","defaultDisplayFieldId":"name","deleteRule":"cascade","mappingFieldId":"beer","derivedRelationInfoMap":{"$reverse":{"accessorId":"beerQualityCollection"}},"sourceEntityId":"BeerQuality","targetEntityId":"Beer"}],"singularName":"Beer Quality"}