{
    "pageModelVersion": "18.1.1",
    "description": "Shell Page",
    "variables": {},
    "chains": {
        "showNotificationChain": {
            "variables": {
                "eventPayload": {
                    "type": "object"
                }
            },
            "root": "showNotificationBar",
            "actions": {
                "showNotificationBar": {
                    "module": "vb/action/builtin/callComponentMethodAction",
                    "parameters": {
                        "component": "{{ $page.components.byId('vbDefaultNotifier') }}",
                        "method": "show",
                        "params": [
                            "{{ $variables.eventPayload.type }}",
                            "{{ $variables.eventPayload.message }}",
                            "{{ $variables.eventPayload.displayMode === 'transient' }}"
                        ]
                    }
                }
            }
        },
        "userMenuClicked": {
            "root": "if1",
            "actions": {
                "if1": {
                    "module": "vb/action/builtin/ifAction",
                    "parameters": {
                        "condition": "{{$event.target.id === 'logout'}}"
                    },
                    "outcomes": {
                        "true": "logoutUser"
                    }
                },
                "logoutUser": {
                    "module": "vb/action/builtin/navigateToExternalAction",
                    "parameters": {
                        "history": "push",
                        "url": "/logout"
                    }
                }
            },
            "description": ""
        },
        "navigateToSelectedPage": {
            "root": "navigateToPage1",
            "actions": {
                "navigateToPage1": {
                    "module": "vb/action/builtin/navigateToPageAction",
                    "parameters": {
                        "history": "push",
                        "page": "[[ $chain.variables.selectedPage ]]"
                    }
                }
            },
            "description": "",
            "variables": {
                "selectedPage": {
                    "type": "string",
                    "input": "fromCaller"
                }
            }
        }
    },
    "eventListeners": {
        "vbNotification": {
            "chains": [
                {
                    "chainId": "showNotificationChain",
                    "parameters": {
                        "eventPayload": "{{ $event }}"
                    }
                }
            ]
        },
        "vbUserMenuClicked": {
            "chains": [
                {
                    "chainId": "userMenuClicked"
                }
            ]
        },
        "ojNavigationListSelection": {
            "chains": [
                {
                    "chainId": "navigateToSelectedPage",
                    "parameters": {
                        "selectedPage": "{{ $event.detail.value }}"
                    }
                }
            ]
        }
    },
    "imports": {
        "components": {
            "vbcs-message-bar": {
                "path": "vb/components/messagebar/loader"
            }
        }
    }
}