{
  "title": "",
  "description": "",
  "variables": {
    "employeeListSDP": {
      "type": "vb/ServiceDataProvider",
      "defaultValue": {
        "endpoint": "businessObjects/getall_Employee",
        "keyAttributes": "id",
        "itemsPath": "items",
        "responseType": "getallEmployeeResponse"
      }
    }
  },
  "metadata": {
    "businessObjectsGetallEmployeeMetadata": {
      "type": "vb/DynamicLayoutMetadataProviderDescriptor",
      "defaultValue": {
        "endpoint": "businessObjects/getall_Employee"
      }
    }
  },
  "types": {
    "@decorators.getallEmployeeResponse": {
      "endpoint": "getall_Employee",
      "service": "businessObjects",
      "path": "response"
    },
    "getallEmployeeResponse": {
      "items": "object[]"
    }
  },
  "chains": {},
  "eventListeners": {},
  "imports": {
    "components": {
      "oj-dynamic-table": {
        "path": "oj-dynamic/table/loader"
      }
    }
  }
}
