{"fields":[{"id":"id","internal":true,"key":true,"oid":"bd9a31e2-1026-4a0e-bf53-f648078d9aba","required":true,"singularName":"Id","type":"number","unique":true},{"id":"creationDate","internal":true,"oid":"9d49aa45-daff-4c1c-b030-34334ff14774","singularName":"Created","type":"datetime"},{"id":"lastUpdateDate","internal":true,"oid":"8e4e6ffc-2cad-4d01-8f30-fc0065f17f53","singularName":"Last Updated","type":"datetime"},{"id":"createdBy","internal":true,"oid":"85e9810f-807a-4b7c-afa0-3519ba61c774","singularName":"Created By","type":"string"},{"id":"lastUpdatedBy","internal":true,"oid":"8cdbb499-1dc5-4d91-b979-779b74e4a8cf","singularName":"Last Updated By","type":"string"},{"hidden":true,"id":"abcsChangeNumber","internal":true,"oid":"78e7c6d7-8433-4749-8fc7-e0b9488521b6","singularName":"<internal>","type":"number"},
        {
            "id": "name",
            "oid": "f7601cd3-2902-4846-8200-e60b0ecb9019",
            "singularName": "name",
            "type": "string"
        },
        {
            "id": "country",
            "oid": "2c8e0e72-ab49-4ba9-a32e-0192f9700065",
            "singularName": "country",
            "type": "reference"
        }
      ],"id":"City","oid":"b6c2258b-1d68-4351-80f9-61605f5ca7db","singularName":"City",
    "relations": [
        {
            "accessorId": "countryObject",
            "cardinality": "manyToOne",
            "defaultDisplayFieldId": "name",
            "deleteRule": "restrict",
            "mappingFieldId": "country",
            "sourceEntityId": "City",
            "targetEntityId": "Country"
        }
    ]
   }