{
  "paths": {
    "exclude": [
      "scripts/**", "tests/**", "webApps/vbcookbook/resources/js/**", "services/**", "dynamicLayouts/**"
    ]
  },
  "rules": {
    "oj-html-cspexpr": {
       "description": "Attribute 'value' contains an expression that may not be compatible with all Content Security policies: Expected expression after = at attribute value -> the csp expression evaluator does not support arrow function syntax",
      "enabled": false
    },
    "translations.audit.propertyNotTranslated": {
      "enabled": false
    },
    "translations.audit.page.json.valueNotTranslated" : {
      "enabled": false
    },
    "oj-sp-headers-usage" : {
      "enabled": false,
      "description": "in shell page: oj-sp-header-general-overview can not be used directly in any page, instead used appropriate Page template component to uptake this component"
    },
    "oj-html-ko-comment": {
      "description": "Knockout comment binding \"if:\" found. Use of JET <oj-bind-if> recommended.",
      "enabled": false
    },
    "jshint.W033": {
      "description": "Missing semicolon.",
      "enabled": false
    },
    "json#unused_import" : {
      "description": "Unused components dependency",
      "enabled": false
    },
    "oj-html-form-layout-maxcols" : {
      "enabled": false
    },
    "csp-html-style-unsafe-inline": {
      "description": "<b>CSP-1030:</b><br>Embedding styles into HTML using &lt;style&gt; tags is a CSP violation.<br>For example, the following implementation will be blocked:<p><b>&lt;style&gt;<br> &nbsp; &nbsp; #inline-style { background: red }<br>&lt;/style&gt;</b><p>The general solution is to extract the styles into a style sheet and reference it in the HTML using <b>&lt;link href=\". . .\"&gt;</b><b><p>CSP-1031:</b><br>Setting a style attribute directly on element, e.g.<b>&lt;div style=\". . .\"&gt;</b> is a CSP violation.<p>The general solution is to set properties directly on the element's style property, e.g.<br><b>element.style.display = \"none\"</b><p>Alternatively, styles can be added by changing to a class and including the class in the HTML element.",
      "enabled": false
    },
    "csp-html-script-unsafe-inline": {
      "description": "CSP-1020:<br>Inline script blocks are considered to be CSP violation. The general solution is to use hashes or a nonce to allow inline scripts to run.<p>CSP-1021:<br>The execution of a JS event handler from inline HTML markup is a CSP violation. e.g. onclick onload onmouseover onsubmit, etc.<p>The general solution is to use <b>addEventListener()</b>. e.g.<p> &nbsp; &nbsp; <b>&lt;button id=\"btn\" <b>onclick='doSomething()'&gt;</b><p>can be replaced with<p> &nbsp; &nbsp; document.getElementById(\"btn\")<b>.addEventListener('click', doSomething)</b>",
      "enabled": false
    }
  },
  "auditors": {}
}