{
  "component-dependencies": {
    "oj-sp": {
      "version": "2304.0.1",
      "components": {
        "advanced-create-edit": "2304.0.1",
        "analytics-canvas": "2304.0.1",
        "attachments-simple": "2304.0.1",
        "attachments-viewer": "2304.0.1",
        "bottom-drawer-template": "2304.0.1",
        "collection-container": "2304.0.1",
        "collection-container-advanced": "2304.0.1",
        "create-edit-drawer-template": "2304.0.1",
        "dashboard-grid": "2304.0.1",
        "dashboard-landing-page": "2304.0.1",
        "dashboard-landing-page-pattern": "2304.0.1",
        "data-management-page": "2304.0.1",
        "data-grid-ui-pattern": "2304.0.1",
        "dashboard-panel": "2304.0.1",
        "empty-state": "2304.0.1",
        "expandable-list-item": "2304.0.1",
        "diagram-node": "2304.0.1",
        "foldout-layout": "2304.0.1",
        "foldout-layout-horizontal-pattern": "2304.0.1",
        "foldout-layout-vertical-pattern": "2304.0.1",
        "foldout-panel": "2304.0.1",
        "gantt-page-pattern": "2304.0.1",
        "general-drawer-template": "2304.0.1",
        "general-overview-page": "2304.0.1",
        "general-overview-page-pattern": "2304.0.1",
        "guided-process": "2304.0.1",
        "guided-process-pattern": "2304.0.1",
        "hierarchy-card": "2304.0.1",
        "hierarchy-card-info": "2304.0.1",
        "hierarchy-viewer": "2304.0.1",
        "hierarchy-viewer-pattern": "2304.0.1",
        "horizontal-overview": "2304.0.1",
        "image-card": "2304.0.1",
        "in-app-navigation": "2304.0.1",
        "input-address": "2304.0.1",
        "input-currency": "2304.0.1",
        "input-currency-conversion-rate": "2304.0.1",
        "input-email": "2304.0.1",
        "input-key-flex-field": "2304.0.1",
        "input-phone-number": "2304.0.1",
        "input-url": "2304.0.1",
        "item-overview": "2304.0.1",
        "item-overview-page": "2304.0.1",
        "item-overview-page-pattern": "2304.0.1",
        "item-overview-pattern": "2304.0.1",
        "list-item-template": "2304.0.1",
        "list-section": "2304.0.1",
        "message-banner-unsaved-changes": "2304.0.1",
        "message-dialog-destructive": "2304.0.1",
        "message-dialog-general": "2304.0.1",
        "message-unsaved-changes": "2304.0.1",
        "messages-banner": "2304.0.1",
        "messages-toast": "2304.0.1",
        "metric-card": "2304.0.1",
        "mini-card": "2304.0.1",
        "object-card": "2304.0.1",
        "profile-card": "2304.0.1",
        "scoreboard": "2304.0.1",
        "scoreboard-metric-card": "2304.0.1",
        "selection-chart-card": "2304.0.1",
        "select-single-currency": "2304.0.1",
        "select-single-item-template": "2304.0.1",
        "simple-create-edit": "2304.0.1",
        "simple-create-edit-pattern": "2304.0.1",
        "skill-chip": "2304.0.1",
        "smart-filters": "2304.0.1",
        "smart-filter-search": "2304.0.1",
        "smart-filter-search-pattern": "2304.0.1",
        "summarizing-collection": "2304.0.1",
        "task-card": "2304.0.1",
        "thumbnail": "2304.0.1",
        "vertical-overview": "2304.0.1",
        "welcome-page": "2304.0.1",
        "header-general-overview": "2304.0.1"
      }
    },
    "oj-sample": {
      "version": "7.0.0",
      "components": {
        "input-text-typeahead": "5.0.0"
      }
    },
    "oj-dynamic": {
      "version": "13.1.1",
      "components": {
        "container": "13.1.1",
        "form": "13.1.1",
        "table": "13.1.1",
        "bind-field": "13.1.1"
      }
    }
  }
}