{
  "applicationModelVersion": "19.3.1",
  "id": "webapp1",
  "description": "A new VB app",
  "defaultPage": "shell",
  "chains": {},
  "services": {
    "businessObjects": {
      "path": "./services/businessObjects/service.json"
    }
  },
  "translations": {
    "app": {
      "path": "./resources/strings/app/nls/app-strings"
    }
  },
  "events": {
    "navigateToItem": {
      "payloadType": {
        "item": "string"
      }
    }
  },
  "types": {
    "beerResponse": {
      "items": [{
        "name": "string",
        "alcoholPercentage": "number",
        "beerQualityCollection": {
          "items": [{
            "id": "number",
            "quality": "number",
            "qualityObject": {
              "items": [{
                "id": "number",
                "name": "string"
              }]
            }
          }]
        },
        "beerTypeObject": {
          "items": [{
            "id": "number",
            "name": "string"
          }]
        },
        "countryObject": {
          "items": [{
            "id": "number",
            "name": "string"
          }]
        },
        "id": "number"
      }]
    },
    "createBeerRequest": {
      "name": "string",
      "alcoholPercentage": "number",
      "country": "number",
      "beerType": "number",
      "beerQualityCollection": [{
        "quality": "number"
      }]
    },
    "update_Beer": {
      "id": "number",
      "name": "string",
      "alcoholPercentage": "number",
      "country": "number",
      "beerType": "number",
      "beerQualityCollection": {
        "items": [{
          "quality": "number",
          "id": "number"
        }]
      }
    }
  },
  "variables": {},
  "userConfig": {
    "type": "vb/DefaultSecurityProvider",
    "configuration": {},
    "embedding": "deny"
  },
  "security": {}
}