{
  "title": "Editable Form Table Recipe",
  "description": "",
  "variables": {
    "cancelEditVar": {
      "type": "boolean",
      "defaultValue": false
    },
    "currentRow": {
      "type": "get_Employee"
    },
    "editRow": {
      "type": "any"
    },
    "employeeListSDP": {
      "type": "vb/ServiceDataProvider",
      "defaultValue": {
        "endpoint": "businessObjects/getall_Employee",
        "keyAttributes": "id",
        "itemsPath": "items",
        "responseType": "getallEmployeeResponse"
      }
    }
  },
  "metadata": {},
  "types": {
    "get_Employee": {
      "email": "string",
      "firstName": "string",
      "id": "number",
      "lastName": "string",
      "phoneNumber": "string"
    },
    "getallEmployeeResponse": {
      "items": [
        {
          "email": "string",
          "firstName": "string",
          "id": "number",
          "lastName": "string",
          "phoneNumber": "string"
        }
      ]
    }
  },
  "chains": {},
  "eventListeners": {
    "cancelOjAction": {
      "chains": [
        {
          "chainId": "CancelActionChain",
          "parameters": {
            "key": "{{ $current.key }}",
            "index": "{{ $current.index }}",
            "current": "{{ $current }}"
          }
        }
      ]
    },
    "editOjAction": {
      "chains": [
        {
          "chainId": "EditActionChain",
          "parameters": {
            "key": "{{ $current.key }}",
            "index": "{{ $current.index }}",
            "current": "{{ $current }}"
          }
        }
      ]
    },
    "ojTableOjBeforeRowEdit": {
      "chains": [
        {
          "chainId": "TableBeforeRowEditChain",
          "parameters": {
            "rowData": "{{$event.detail.rowContext.componentElement.getDataForVisibleRow($event.detail.rowContext.status.rowIndex).data}}"
          }
        }
      ]
    },
    "ojTableOjBeforeRowEditEnd": {
      "chains": [
        {
          "chainId": "TableBeforeRowEditEndChain",
          "parameters": {
            "detail": "{{ $event.detail }}",
            "cancelEdit": "{{ $variables.cancelEditVar }}",
            "rowData": "{{ $variables.currentRow }}",
            "originalRowData": "{{ $event.detail.rowContext.componentElement.getDataForVisibleRow($event.detail.rowContext.status.rowIndex).data }}"
          }
        }
      ]
    },
    "saveOjAction": {
      "chains": [
        {
          "chainId": "SaveActionChain",
          "parameters": {
            "key": "{{ $current.key }}",
            "index": "{{ $current.index }}",
            "current": "{{ $current }}"
          }
        }
      ]
    }
  },
  "imports": {
    "components": {
      "oj-button": {
        "path": "ojs/ojbutton"
      },
      "oj-form-layout": {
        "path": "ojs/ojformlayout"
      },
      "oj-input-text": {
        "path": "ojs/ojinputtext"
      },
      "oj-table": {
        "path": "ojs/ojtable"
      },
      "oj-text-area": {
        "path": "ojs/ojinputtext"
      }
    }
  }
}