{
    "vbcs.dt.version": "20220315-22.07.0",
    "dependencies": {
        "upgrade": "micro",
        "paths": {
            "jet": "https://static.oracle.com/cdn/jet/11.1.6",
            "telemetry": "https://static.oracle.com/cdn/trace/5.0.0",
            "visualRuntime": "https://static.oracle.com/cdn/vb/2204.4.0"
        }
    },
    "rootURL": "dashboard-template",
    "version": "1.0.9",
    "source.version": "2204",
    "migration": {
        "2204": [
            "ActionsJsonMigrator",
            "ACTJsSpecsMigrator",
            "AppUIRootPageMigrator"
        ]
    }
}