{
    "flowModelVersion": "18.2.3",
    "id": "main",
    "description": "Flow main",
    "defaultPage": "main-start",
    "chains": {},
    "services": {},
    "types": {
        "getallExpenseReportResponse": {
            "items": [
                {
                    "id": "number",
                    "name": "string",
                    "startDate": "string",
                    "endDate": "string",
                    "amount": "number",
                    "countryObject": {
                        "items": [
                            {
                                "name": "string"
                            }
                        ]
                    }
                }
            ]
        },
        "@decorators.getallExpenseReportResponse": {
            "endpoint": "getall_ExpenseReport",
            "service": "businessObjects",
            "path": "response"
        },
        "createExpenseReportRequest": {
            "name": "string",
            "startDate": "string",
            "endDate": "string",
            "country": "number",
            "description": "string",
            "justification": "string",
            "amount": "number"
        },
        "@decorators.createExpenseReportRequest": {
            "endpoint": "create_ExpenseReport",
            "service": "businessObjects",
            "path": "request"
        },
        "businessObjectServiceErrorResponseType": {
            "body": {
                "status": "string",
                "title": "string",
                "o_errorDetails": [
                    {
                        "detail": "string",
                        "o_errorCode": "string"
                    }
                ]
            },
            "status": "number"
        },
        "getallCountryResponse": {
            "items": [
                {
                    "id": "number",
                    "name": "string"
                }
            ]
        },
        "@decorators.getallCountryResponse": {
            "endpoint": "getall_Country",
            "service": "businessObjects",
            "path": "response"
        },
        "updateExpenseReportRequest": {
            "name": "string",
            "startDate": "string",
            "endDate": "string",
            "country": "number",
            "description": "string",
            "justification": "string",
            "amount": "number"
        },
        "@decorators.updateExpenseReportRequest": {
            "endpoint": "update_ExpenseReport",
            "service": "businessObjects",
            "path": "request"
        },
        "getallCountryResponse2": {
            "items": [
                {
                    "id": "number",
                    "name": "string"
                }
            ]
        },
        "@decorators.getallCountryResponse2": {
            "endpoint": "getall_Country",
            "service": "businessObjects",
            "path": "response"
        },
        "getallLineItemResponse": {
            "items": [
                {
                    "id": "number",
                    "name": "string",
                    "amount": "number"
                }
            ]
        },
        "@decorators.getallLineItemResponse": {
            "endpoint": "getall_LineItem",
            "service": "businessObjects",
            "path": "response"
        }
      },
    "variables": {}
}