{
    "openapi": "3.0.0",
    "info": {
        "title": "Ask Question",
        "version": "1.0.0"
    },
    "servers": [
        {
            "url": "vb-catalog://backends/OCI_Gateway"
        }
    ],
    "paths": {
        "/ask": {
            "post": {
                "operationId": "postAsk2",
                "requestBody": {
                    "content": {
                        "application/json": {
                            "schema": {
                                "$ref": "#/components/schemas/PostAsk2Request"
                            },
                            "examples": {
                                "vb": {
                                    "externalValue": "./examples/postAsk2/request_application_json_vb.json"
                                }
                            }
                        }
                    }
                },
                "responses": {},
                "x-vb": {
                    "actionHint": "getOne"
                }
            }
        }
    },
    "components": {
        "schemas": {
            "PostAsk2Request": {
                "type": "object",
                "properties": {
                    "question": {
                        "type": "string"
                    },
                    "model": {
                        "type": "string"
                    },
                    "tables": {
                        "type": "array",
                        "items": {
                            "type": "string"
                        }
                    }
                }
            }
        }
    }
}