{
    "displayLabel": "Country",
    "name": "Country",
    "oid": "445b6c3a-7e90-41fc-9381-4e2b87509971",
    "fields": [
        {
            "displayLabel": "Id",
            "internal": true,
            "unique": true,
            "name": "id",
            "oid": "3c153869-8077-4fc5-8619-ece392e12288",
            "type": "number",
            "key": true,
            "required": true
        },
        {
            "displayLabel": "Created",
            "internal": true,
            "name": "creationDate",
            "oid": "2fb8da80-ffb4-437f-bf6a-aa77763d9930",
            "type": "datetime"
        },
        {
            "displayLabel": "Last Updated",
            "internal": true,
            "name": "lastUpdateDate",
            "oid": "faee123c-6ec6-484f-9742-1c4812c4a7e3",
            "type": "datetime"
        },
        {
            "displayLabel": "Created By",
            "internal": true,
            "name": "createdBy",
            "oid": "ef5e8b26-3d55-42e2-a854-3c28b262c7a4",
            "type": "string"
        },
        {
            "displayLabel": "Last Updated By",
            "internal": true,
            "name": "lastUpdatedBy",
            "oid": "392846a0-e371-420b-99b6-0c33bdf4b992",
            "type": "string"
        },
        {
            "displayLabel": "<internal>",
            "internal": true,
            "hidden": true,
            "name": "abcsChangeNumber",
            "oid": "434f3bbe-0ec3-4ba4-8c5d-808bfa004b66",
            "type": "number"
        },
        {
            "displayLabel": "name",
            "name": "name",
            "oid": "a4b49176-63b1-4202-9fe6-455cdf318a2c",
            "type": "string"
        },
        {
            "displayLabel": "continent",
            "name": "continent",
            "oid": "81f46983-afbb-40d7-b7ee-7311801610f3",
            "type": "reference"
        }
    ],
    "relationships": [
        {
            "displayField": "name",
            "exposeAccessor": false,
            "mappingField": "id",
            "name": "City.country.Collection",
            "reverseRelationship": "countryObject",
            "targetEntity": "City",
            "type": "incoming"
        },
        {
            "deleteRule": "restrict",
            "exposeAccessor": true,
            "mappingField": "continent",
            "name": "continentObject",
            "reverseRelationship": "Country.continent.Collection",
            "targetEntity": "Continent",
            "type": "outgoing"
        }
    ]
}