{
    "fields": [
        {
            "id": "id",
            "internal": true,
            "key": true,
            "oid": "0078637b-42c8-44a0-9072-8657a52e0e21",
            "required": true,
            "singularName": "Id",
            "type": "number",
            "unique": true
        },
        {
            "id": "creationDate",
            "internal": true,
            "oid": "ed187a3a-a229-47c4-b5bc-5ec6320d98e2",
            "singularName": "Created",
            "type": "datetime"
        },
        {
            "id": "lastUpdateDate",
            "internal": true,
            "oid": "06009c4e-c825-4562-97bc-3145796327a1",
            "singularName": "Last Updated",
            "type": "datetime"
        },
        {
            "id": "createdBy",
            "internal": true,
            "oid": "53990570-7337-4d15-b584-5fc15c8b9aff",
            "singularName": "Created By",
            "type": "string"
        },
        {
            "id": "lastUpdatedBy",
            "internal": true,
            "oid": "7fa4b8fc-2408-47e8-a569-ffe272c89535",
            "singularName": "Last Updated By",
            "type": "string"
        },
        {
            "hidden": true,
            "id": "abcsChangeNumber",
            "internal": true,
            "oid": "5394a8c5-c200-4433-b89e-c11003934c5f",
            "singularName": "<internal>",
            "type": "number"
        },
        {
            "id": "firstname",
            "oid": "6bb877ce-6417-4eec-ad3d-ba06139316a1",
            "singularName": "firstname",
            "type": "string"
        },
        {
            "id": "lastname",
            "oid": "7bbde062-eb4d-4feb-9ff6-1dfbcd820978",
            "singularName": "lastname",
            "type": "string"
        },
        {
            "id": "email",
            "oid": "78c0ae81-f5d6-41ee-b7af-39077dd93260",
            "singularName": "email",
            "type": "string"
        }
    ],
    "id": "Contacts",
    "oid": "d5bba9ff-9520-410e-a431-4a43e764eac0",
    "singularName": "contacts"
}