{"schemaVersion":"1.0","name":"ExpenseApproval","registeredProcess":{"id":"oracleinternalpcsplayer~Expense_Approvals!1.0~ExpenseApproval","project":"Expense Approvals","projectVersion":"1.0","useDefaultVersion":true,"processName":"ExpenseApproval","isPlayerInstance":true,"interfaces":[{"id":"start","label":"Receive Message","typeDefinitions":{"http://xmlns.oracle.com/bpm/bpmobject/BusinessData/ExpenseReport|ExpenseReport":{"id":"Expense Approvals@..@http://xmlns.oracle.com/bpm/bpmobject/BusinessData/ExpenseReport|ExpenseReport","label":"ExpenseReport","type":"object","properties":{"mode":{"type":"string"},"name":{"type":"string"},"id":{"type":"string"},"version":{"type":"string"}}}},"parameters":{"startPayload":{"type":"http://xmlns.oracle.com/bpm/bpmobject/BusinessData/ExpenseReport|ExpenseReport"}}}]}}