{
    "displayLabel": "BeerType",
    "hidden": false,
    "name": "BeerType",
    "oid": "05700a9d-fb83-4284-bff0-5a737469cc44",
    "fields": [
        {
            "displayLabel": "Id",
            "internal": true,
            "hidden": false,
            "unique": true,
            "name": "id",
            "oid": "c22fcfcb-739c-471c-9768-9a6a2ba20ce4",
            "type": "number",
            "key": true,
            "required": true
        },
        {
            "displayLabel": "Creation Date",
            "internal": true,
            "hidden": false,
            "name": "creationDate",
            "oid": "4929442f-0f6e-47c7-bfdf-8e614d893bb7",
            "type": "datetime",
            "key": false
        },
        {
            "displayLabel": "Last Update Date",
            "internal": true,
            "hidden": false,
            "name": "lastUpdateDate",
            "oid": "86bc42a8-d06d-4a28-8c98-2ab74153cf83",
            "type": "datetime",
            "key": false
        },
        {
            "displayLabel": "Created By",
            "internal": true,
            "hidden": false,
            "name": "createdBy",
            "oid": "e069f807-3ea6-42b1-8b99-1b2d4f50c0e2",
            "type": "string",
            "key": false
        },
        {
            "displayLabel": "Last Updated By",
            "internal": true,
            "hidden": false,
            "name": "lastUpdatedBy",
            "oid": "d7c1c184-5f9e-4c35-adfb-af61a2ef2c7f",
            "type": "string",
            "key": false
        },
        {
            "displayLabel": "Update ID",
            "internal": true,
            "hidden": true,
            "name": "abcsChangeNumber",
            "oid": "1a5475cd-fde3-4c48-ac84-f9f5288f0b92",
            "type": "number",
            "key": false
        },
        {
            "displayLabel": "name",
            "name": "name",
            "oid": "5a10bf9d-8bba-4ab9-b420-1e1297471353",
            "type": "string"
        }
    ],
    "relationships": [
        {
            "displayField": "name",
            "exposeAccessor": false,
            "mappingField": "id",
            "name": "Beer.beerType.Collection",
            "reverseRelationship": "beerTypeObject",
            "targetEntity": "Beer",
            "type": "incoming"
        }
    ]
}