{
  "pageModelVersion": "18.3.1",
  "title": "My start page",
  "description": "The starting page of the flow",
  "variables": {
    "taskListProcessDataProvider": {
      "type": "vb/extensions/process/ProcessDataProvider",
      "defaultValue": {
        "objectType": "task",
        "idAttribute": "id",
        "parameters": {
          "alias": [
            "{{ \"ExpenseApproval\" }}"
          ]
        }
      }
    },
    "oj_table_1316095123_1_SelectedTaskId": {
      "type": "string"
    },
    "oj_table_1316095123_1_SelectedActionId": {
      "type": "string"
    },
    "oj_table_1316095123_1_ActionsOptList": {
      "type": [
        {
          "value": "string",
          "label": "string"
        }
      ]
    },
    "oj_table_1316095123_1_IsActionProcessing": {
      "type": "boolean",
      "defaultValue": false
    }
  },
  "types": {},
  "chains": {
    "HyperlinkClickAction": {
      "description": "",
      "variables": {
        "detail": {
          "required": true,
          "type": "any",
          "input": "fromCaller"
        },
        "key": {
          "required": true,
          "type": "any",
          "input": "fromCaller"
        }
      },
      "root": "navigateToPage1",
      "actions": {
        "navigateToPage1": {
          "module": "vb/action/builtin/navigateToPageAction",
          "parameters": {
            "page": "EditExpenseReport",
            "params": {
              "expenseReportId": "{{ $chain.variables.key }}"
            }
          }
        }
      }
    },
    "oj_table_1316095123_1_LoadTaskActionsChain": {
      "variables": {
        "taskId": {
          "required": true,
          "type": "string",
          "input": "fromCaller"
        },
        "actions": {
          "required": true,
          "type": "any",
          "input": "fromCaller"
        }
      },
      "root": "setVariables",
      "actions": {
        "setVariables": {
          "module": "vb/action/builtin/assignVariablesAction",
          "parameters": {
            "$page.variables.oj_table_1316095123_1_SelectedTaskId": {
              "source": "[[ $chain.variables.taskId ]]"
            },
            "$page.variables.oj_table_1316095123_1_ActionsOptList": {
              "source": "[[ $chain.variables.actions.map(function(a) { return {value: a.id,  label: a.label}; }) ]]"
            }
          },
          "outcomes": {}
        }
      }
    },
    "oj_table_1316095123_1_PerformActionChain": {
      "variables": {
        "selectOneId": {
          "type": "string",
          "input": "fromCaller"
        }
      },
      "root": "setProcessingFlag",
      "actions": {
        "setProcessingFlag": {
          "module": "vb/action/builtin/assignVariablesAction",
          "parameters": {
            "$page.variables.oj_table_1316095123_1_IsActionProcessing": {
              "source": "{{ true }}"
            }
          },
          "outcomes": {
            "success": "performAction"
          }
        },
        "performAction": {
          "module": "vb/extensions/process/action/builtin/performTaskAction",
          "parameters": {
            "taskId": "[[ $page.variables.oj_table_1316095123_1_SelectedTaskId ]]",
            "taskAction": "[[ {id: $page.variables.oj_table_1316095123_1_SelectedActionId} ]]"
          },
          "outcomes": {
            "success": "refreshCollection",
            "failure": "showFailure"
          }
        },
        "refreshCollection": {
          "module": "vb/action/builtin/callComponentMethodAction",
          "parameters": {
            "component": "{{ $page.components.byId('oj-table-1316095123-1') }}",
            "method": "refresh"
          },
          "outcomes": {
            "success": "showSuccess"
          }
        },
        "showSuccess": {
          "module": "vb/action/builtin/fireNotificationEventAction",
          "parameters": {
            "message": "{{ 'Action: [' + $page.variables.oj_table_1316095123_1_SelectedActionId + '] successful!' }}",
            "type": "confirmation",
            "displayMode": "transient"
          },
          "outcomes": {
            "success": "deselectTask"
          }
        },
        "deselectTask": {
          "module": "vb/action/builtin/callComponentMethodAction",
          "parameters": {
            "component": "{{ $page.components.byId('oj-table-1316095123-1') }}",
            "method": "setProperty",
            "params": [
              "selection",
              "{{ [] }}"
            ]
          },
          "outcomes": {
            "success": "deselectAction"
          }
        },
        "deselectAction": {
          "module": "vb/action/builtin/callComponentMethodAction",
          "parameters": {
            "component": "{{ $page.components.byId($chain.variables.selectOneId) }}",
            "method": "setProperty",
            "params": [
              "value",
              ""
            ]
          },
          "outcomes": {
            "success": "resetVariables"
          }
        },
        "resetVariables": {
          "module": "vb/action/builtin/assignVariablesAction",
          "parameters": {
            "$page.variables.oj_table_1316095123_1_SelectedActionId": {
              "source": "{{ null }}"
            },
            "$page.variables.oj_table_1316095123_1_SelectedTaskId": {
              "source": "{{ null }}"
            },
            "$page.variables.oj_table_1316095123_1_ActionsOptList": {
              "source": "{{ [] }}"
            },
            "$page.variables.oj_table_1316095123_1_IsActionProcessing": {
              "source": "{{ false }}"
            }
          },
          "outcomes": {}
        },
        "showFailure": {
          "module": "vb/action/builtin/fireNotificationEventAction",
          "parameters": {
            "message": "[[ $chain.results.performAction.info.status + ': ' + JSON.stringify($chain.results.performAction.content) ]]",
            "type": "error",
            "autoclose": false
          },
          "outcomes": {
            "success": "deselectAction"
          }
        }
      }
    }
  },
  "eventListeners": {
    "a13160951231Click": {
      "chains": [
        {
          "chainId": "HyperlinkClickAction",
          "parameters": {
            "detail": "{{ $event.detail }}",
            "key": "{{ $current. row.description }}"
          }
        }
      ]
    },
    "oj_table_1316095123_1_SelectionListener": {
      "chains": [
        {
          "chainId": "oj_table_1316095123_1_LoadTaskActionsChain",
          "parameters": {
            "taskId": "{{ $event.detail.value.data.id }}",
            "actions": "{{ $event.detail.value.data.actions.filter(function(a) { return a.type !== 'System'; }) }}"
          }
        }
      ]
    },
    "oj_table_1316095123_1_ButtonClickListener": {
      "chains": [
        {
          "chainId": "oj_table_1316095123_1_PerformActionChain",
          "parameters": {
            "selectOneId": "oj_table_1316095123_1_oj-select-one"
          }
        }
      ]
    }
  },
  "imports": {
    "components": {
      "oj-table": {
        "path": "ojs/ojtable"
      },
      "oj-label": {
        "path": "ojs/ojlabel"
      },
      "oj-input-date": {
        "path": "ojs/ojdatetimepicker"
      },
      "oj-toolbar": {
        "path": "ojs/ojtoolbar"
      },
      "oj-select-one": {
        "path": "ojs/ojselectcombobox"
      },
      "oj-button": {
        "path": "ojs/ojbutton"
      }
    }
  }
}