{
  "pageModelVersion": "19.3.1",
  "title": "Edit Expense Report",
  "description": "Updates single ExpenseReport record",
  "variables": {
    "expenseReport": {
      "type": "page:updateExpenseReportRequest"
    },
    "expenseReportId": {
      "type": "string",
      "required": true,
      "input": "fromUrl"
    },
    "expenseReportETag": {
      "type": "string"
    },
    "countryListSDP": {
      "type": "vb/ServiceDataProvider",
      "defaultValue": {
        "endpoint": "businessObjects/getall_Country",
        "idAttribute": "id",
        "itemsPath": "items",
        "responseType": "page:getallCountryResponse",
        "uriParameters": {}
      }
    },
    "lineItemListSDP": {
      "type": "vb/ServiceDataProvider",
      "defaultValue": {
        "endpoint": "businessObjects/getall_LineItem",
        "idAttribute": "id",
        "itemsPath": "items",
        "responseType": "page:getallLineItemResponse",
        "filterCriterion": {
          "op": "$eq",
          "attribute": "expenseReport",
          "value": "{{ $variables.expenseReportId }}"
        }
      }
    },
    "newLineItem": {
      "type": "create_LineItem",
      "defaultValue": {
        "expenseReport": "{{ $page.variables.expenseReportId }}"
      }
    }
  },
  "metadata": {},
  "types": {
    "@decorators.updateExpenseReportRequest": {
      "endpoint": "update_ExpenseReport",
      "service": "businessObjects",
      "path": "request"
    },
    "businessObjectsServiceErrorResponseType": {
      "body": {
        "status": "string",
        "title": "string",
        "o_errorDetails": [
          {
            "detail": "string",
            "o_errorCode": "string"
          }
        ]
      },
      "status": "number"
    },
    "getallCountryResponse": {
      "items": [
        {
          "id": "number",
          "name": "string"
        }
      ]
    },
    "@decorators.getallCountryResponse": {
      "endpoint": "getall_Country",
      "service": "businessObjects",
      "path": "response"
    },
    "updateExpenseReportRequest": {
      "amount": "number",
      "country": "number",
      "description": "string",
      "endDate": "string",
      "id": "number",
      "justification": "string",
      "name": "string",
      "startDate": "string"
    },
    "getallLineItemResponse": {
      "items": [
        {
          "amount": "number",
          "id": "number",
          "name": "string"
        }
      ]
    },
    "@decorators.getallLineItemResponse": {
      "endpoint": "getall_LineItem",
      "service": "businessObjects",
      "path": "response"
    },
    "@decorators.create_LineItem": {
      "endpoint": "create_LineItem",
      "service": "businessObjects",
      "path": "request"
    },
    "create_LineItem": {
      "amount": "number",
      "expenseReport": "number",
      "name": "string"
    }
  },
  "chains": {
    "goBackChain": {
      "root": "navigateBack",
      "actions": {
        "navigateBack": {
          "module": "vb/action/builtin/navigateBackAction",
          "outcomes": {
            "success": ""
          }
        }
      }
    },
    "loadExpenseReportChain": {
      "root": "loadExpenseReport",
      "actions": {
        "loadExpenseReport": {
          "module": "vb/action/builtin/restAction",
          "parameters": {
            "endpoint": "businessObjects/get_ExpenseReport",
            "uriParams": {
              "ExpenseReport_Id": "[[ $page.variables.expenseReportId ]]"
            },
            "responseType": "page:updateExpenseReportRequest"
          },
          "outcomes": {
            "success": "assignPayload",
            "failure": "fireErrorNotification"
          }
        },
        "assignPayload": {
          "module": "vb/action/builtin/assignVariablesAction",
          "parameters": {
            "$page.variables.expenseReport": {
              "source": "{{ $chain.results.loadExpenseReport.body }}"
            },
            "$page.variables.expenseReportETag": {
              "source": "[[ $chain.results.loadExpenseReport.headers.get('ETag') ]]"
            }
          },
          "outcomes": {}
        },
        "fireErrorNotification": {
          "module": "vb/action/builtin/fireNotificationEventAction",
          "parameters": {
            "summary": "Could not load data",
            "message": "{{ 'Could not load data: status ' + $chain.results.loadExpenseReport.payload.status }}",
            "type": "error",
            "displayMode": "persist"
          },
          "outcomes": {}
        }
      }
    },
    "saveExpenseReportChain": {
      "variables": {
        "saveFailureResult": {
          "type": "page:businessObjectsServiceErrorResponseType"
        },
        "errorMessage": {
          "type": "string"
        },
        "saveHeaders": {
          "type": "object"
        }
      },
      "root": "checkETag",
      "actions": {
        "checkETag": {
          "module": "vb/action/builtin/ifAction",
          "parameters": {
            "condition": "[[ $page.variables.expenseReportETag ]]"
          },
          "outcomes": {
            "true": "assignIfMatchHeader",
            "false": "saveExpenseReport"
          }
        },
        "assignIfMatchHeader": {
          "module": "vb/action/builtin/assignVariablesAction",
          "parameters": {
            "$chain.variables.saveHeaders": {
              "source": "[[ { 'If-Match': $page.variables.expenseReportETag } ]]"
            }
          },
          "outcomes": {
            "success": "saveExpenseReport"
          }
        },
        "saveExpenseReport": {
          "module": "vb/action/builtin/restAction",
          "parameters": {
            "endpoint": "businessObjects/update_ExpenseReport",
            "body": "{{ $page.variables.expenseReport }}",
            "requestType": "json",
            "uriParams": {
              "ExpenseReport_Id": "[[ $page.variables.expenseReportId ]]"
            },
            "headers": "[[ $chain.variables.saveHeaders ]]"
          },
          "outcomes": {
            "success": "assignPayload",
            "failure": "assignFailureResult"
          }
        },
        "assignPayload": {
          "module": "vb/action/builtin/assignVariablesAction",
          "parameters": {
            "$page.variables.expenseReport": {
              "source": "{{ $chain.results.saveExpenseReport.body }}"
            },
            "$page.variables.expenseReportETag": {
              "source": "[[ $chain.results.saveExpenseReport.headers.get('ETag') ]]"
            }
          },
          "outcomes": {
            "success": "fireSuccessNotification"
          }
        },
        "fireSuccessNotification": {
          "module": "vb/action/builtin/fireNotificationEventAction",
          "parameters": {
            "summary": "ExpenseReport saved",
            "message": "ExpenseReport record successfully updated",
            "type": "confirmation",
            "displayMode": "transient"
          },
          "outcomes": {
            "success": "callGoBackChain"
          }
        },
        "callGoBackChain": {
          "module": "vb/action/builtin/callChainAction",
          "parameters": {
            "id": "goBackChain"
          }
        },
        "assignFailureResult": {
          "module": "vb/action/builtin/assignVariablesAction",
          "parameters": {
            "$chain.variables.saveFailureResult": {
              "source": "[[ $chain.results.saveExpenseReport.payload ]]",
              "mapping": {
                "$target": "$source",
                "$target.body.o_errorDetails": {
                  "source": "$source.body['o:errorDetails'] || []",
                  "mapping": {
                    "$target.o_errorCode": "$source['o:errorCode']",
                    "$target.detail": "$source.detail"
                  }
                }
              }
            }
          },
          "outcomes": {
            "success": "testFailureDetails"
          }
        },
        "testFailureDetails": {
          "module": "vb/action/builtin/ifAction",
          "outcomes": {
            "true": "handleDetailedErrorMessage",
            "false": "handleDefaultErrorMessage"
          },
          "parameters": {
            "condition": "[[ $chain.variables.saveFailureResult.body.o_errorDetails[0] ]]"
          }
        },
        "handleDetailedErrorMessage": {
          "module": "vb/action/builtin/assignVariablesAction",
          "outcomes": {
            "success": "fireErrorNotification"
          },
          "parameters": {
            "$chain.variables.errorMessage": {
              "source": "[[ $chain.variables.saveFailureResult.body.o_errorDetails[0].detail ]]"
            }
          }
        },
        "handleDefaultErrorMessage": {
          "module": "vb/action/builtin/assignVariablesAction",
          "outcomes": {
            "success": "fireErrorNotification"
          },
          "parameters": {
            "$chain.variables.errorMessage": {
              "source": "[[ 'Could not update ExpenseReport: status ' + $chain.results.saveExpenseReport.payload.status ]]"
            }
          }
        },
        "fireErrorNotification": {
          "module": "vb/action/builtin/fireNotificationEventAction",
          "parameters": {
            "summary": "Save failed",
            "message": "[[ $chain.variables.errorMessage ]]",
            "type": "error",
            "displayMode": "persist"
          }
        }
      }
    },
    "ButtonActionChain": {
      "description": "",
      "variables": {
        "detail": {
          "required": true,
          "type": "any",
          "input": "fromCaller"
        }
      },
      "root": "callRestEndpoint1",
      "actions": {
        "callRestEndpoint1": {
          "module": "vb/action/builtin/restAction",
          "parameters": {
            "endpoint": "businessObjects/create_LineItem",
            "body": "{{ $page.variables.newLineItem }}"
          },
          "outcomes": {
            "success": "fireDataProviderEvent1"
          }
        },
        "fireDataProviderEvent1": {
          "module": "vb/action/builtin/fireDataProviderEventAction",
          "parameters": {
            "refresh": null,
            "target": "[[ $page.variables.lineItemListSDP ]]"
          },
          "outcomes": {
            "success": "resetVariables1"
          }
        },
        "resetVariables1": {
          "module": "vb/action/builtin/resetVariablesAction",
          "parameters": {
            "variables": [
              "$page.variables.newLineItem"
            ]
          }
        }
      }
    }
  },
  "eventListeners": {
    "backButtonClicked": {
      "chains": [
        {
          "chainId": "goBackChain"
        }
      ]
    },
    "saveButtonClicked": {
      "chains": [
        {
          "chainId": "saveExpenseReportChain"
        }
      ]
    },
    "vbEnter": {
      "chains": [
        {
          "chainId": "loadExpenseReportChain"
        }
      ]
    },
    "ojButton9720025613OjAction": {
      "chains": [
        {
          "chainId": "ButtonActionChain",
          "parameters": {
            "detail": "{{ $event.detail }}"
          }
        }
      ]
    }
  },
  "imports": {
    "components": {
      "oj-form-layout": {
        "path": "ojs/ojformlayout"
      },
      "oj-input-text": {
        "path": "ojs/ojinputtext"
      },
      "oj-text-area": {
        "path": "ojs/ojinputtext"
      },
      "oj-input-number": {
        "path": "ojs/ojinputnumber"
      },
      "oj-select-one": {
        "path": "ojs/ojselectcombobox"
      },
      "oj-input-date": {
        "path": "ojs/ojdatetimepicker"
      },
      "oj-toolbar": {
        "path": "ojs/ojtoolbar"
      },
      "oj-button": {
        "path": "ojs/ojbutton"
      },
      "oj-list-view": {
        "path": "ojs/ojlistview"
      },
      "oj-vb-list-item": {
        "path": "vb/components/list-item/loader"
      },
      "oj-label": {
        "path": "ojs/ojlabel"
      }
    }
  }
}