{
  "pageModelVersion": "19.3.1",
  "title": "",
  "description": "",
  "variables": {
    "expenseReportListSDP": {
      "type": "vb/ServiceDataProvider",
      "defaultValue": {
        "endpoint": "businessObjects/getall_ExpenseReport",
        "idAttribute": "id",
        "itemsPath": "items",
        "responseType": "page:getallExpenseReportResponse"
      }
    },
    "oj_list_view_271532407_1SelectedId": {
      "type": "string",
      "defaultValue": ""
    }
  },
  "metadata": {},
  "types": {
    "getallExpenseReportResponse": {
      "items": [
        {
          "amount": "number",
          "countryObject": {
            "items": [
              {
                "name": "string"
              }
            ]
          },
          "endDate": "string",
          "id": "number",
          "name": "string",
          "startDate": "string"
        }
      ]
    },
    "@decorators.getallExpenseReportResponse": {
      "endpoint": "getall_ExpenseReport",
      "service": "businessObjects",
      "path": "response"
    }
  },
  "chains": {
    "navigateToCreateExpenseReportChain": {
      "root": "navigateToCreate",
      "actions": {
        "navigateToCreate": {
          "module": "vb/action/builtin/navigateToPageAction",
          "parameters": {
            "history": "push",
            "page": "my-expense-reports-create-expense-report",
            "params": {}
          },
          "outcomes": {
            "success": ""
          }
        }
      }
    },
    "oj_list_view_271532407_1ChangeSelectionChain": {
      "variables": {
        "expenseReportId": {
          "type": "string",
          "input": "fromCaller",
          "defaultValue": ""
        }
      },
      "root": "assignVariable",
      "actions": {
        "assignVariable": {
          "module": "vb/action/builtin/assignVariablesAction",
          "parameters": {
            "$page.variables.oj_list_view_271532407_1SelectedId": {
              "source": "[[ $chain.variables.expenseReportId ]]"
            }
          },
          "outcomes": {
            "success": ""
          }
        }
      }
    },
    "navigateToEditExpenseReportChain": {
      "root": "navigateToEdit",
      "variables": {
        "expenseReportId": {
          "type": "string",
          "input": "fromCaller",
          "required": true
        }
      },
      "actions": {
        "navigateToEdit": {
          "module": "vb/action/builtin/navigateToPageAction",
          "parameters": {
            "history": "push",
            "page": "my-expense-reports-edit-expense-report",
            "params": {
              "expenseReportId": "[[ $chain.variables.expenseReportId ]]"
            }
          },
          "outcomes": {
            "success": ""
          }
        }
      }
    }
  },
  "eventListeners": {
    "createExpenseReportButtonClicked": {
      "chains": [
        {
          "chainId": "navigateToCreateExpenseReportChain"
        }
      ]
    },
    "oj_list_view_271532407_1SelectionChanged": {
      "chains": [
        {
          "chainId": "oj_list_view_271532407_1ChangeSelectionChain",
          "parameters": {
            "expenseReportId": "[[ $event.detail.value[0] || '' ]]"
          }
        }
      ]
    },
    "editExpenseReportButtonClicked": {
      "chains": [
        {
          "chainId": "navigateToEditExpenseReportChain",
          "parameters": {
            "expenseReportId": "[[ $page.variables.oj_list_view_271532407_1SelectedId ]]"
          }
        }
      ]
    }
  },
  "imports": {
    "components": {
      "oj-list-view": {
        "path": "ojs/ojlistview"
      },
      "oj-vb-list-item": {
        "path": "vb/components/list-item/loader"
      },
      "oj-label": {
        "path": "ojs/ojlabel"
      },
      "oj-input-number": {
        "path": "ojs/ojinputnumber"
      },
      "oj-input-date": {
        "path": "ojs/ojdatetimepicker"
      },
      "oj-toolbar": {
        "path": "ojs/ojtoolbar"
      },
      "oj-button": {
        "path": "ojs/ojbutton"
      }
    }
  }
}