{
    "pageModelVersion": "1.0.0",
    "title": "My start page",
    "description": "The starting page of the app",
    "variables": {
        "getLocationsListServiceDataProvider": {
            "defaultValue": {
                "endpoint": "airquality/getLocations",
                "idAttribute": "location",
                "itemsPath": "results",
                "responseType": "application:getLocationsResponse",
                "uriParameters": {
                    "coordinates": "{{$variables.MyLocation.coordinates}}",
                    "nearest": "{{$variables.MyLocation.nearest}}"
                }
            },
            "type": "vb/ServiceDataProvider"
        },
        "MyLocation": {
            "type": {
                "coordinates": "string",
                "nearest": "number"
            },
            "defaultValue": {
                "nearest": "10",
                "coordinates": "37.787624,-122.438291"
            },
            "input": "none",
            "persisted": "session"
        },
        "showlocationchange": {
            "type": "boolean",
            "defaultValue": false,
            "persisted": "session"
        }
    },
    "chains": {
        "GotoLatestforLocation": {
            "description": "",
            "variables": {},
            "root": "navigateToPage1",
            "actions": {
                "navigateToPage1": {
                    "module": "vb/action/builtin/navigateToPageAction",
                    "parameters": {
                        "history": "push",
                        "page": "gotolatestforlocation",
                        "params": {
                            "CurrentLocation": "{{ $current.data.location }}"
                        }
                    }
                }
            }
        },
        "ToggleLocationChange": {
            "root": "if1",
            "actions": {
                "if1": {
                    "module": "vb/action/builtin/ifAction",
                    "parameters": {
                        "condition": "{{$page.variables.showlocationchange}}"
                    },
                    "outcomes": {
                        "true": "assignVariables1",
                        "false": "assignVariables2"
                    }
                },
                "assignVariables1": {
                    "module": "vb/action/builtin/assignVariablesAction",
                    "parameters": {
                        "$page.variables.showlocationchange": {
                            "source": "false"
                        }
                    }
                },
                "assignVariables2": {
                    "module": "vb/action/builtin/assignVariablesAction",
                    "parameters": {
                        "$page.variables.showlocationchange": {
                            "source": "true"
                        }
                    }
                }
            },
            "description": ""
        }
    },
    "eventListeners": {
        "ojButton9791137281Click": {
            "chains": [
                {
                    "chainId": "GotoLatestforLocation"
                }
            ]
        },
        "ojButton9791137282Click": {
            "chains": [
                {
                    "chainId": "ToggleLocationChange"
                }
            ]
        }
    },
    "imports": {
        "components": {
            "oj-table": {
                "path": "ojs/ojtable"
            },
            "oj-list-view": {
                "path": "ojs/ojlistview"
            },
            "oj-label": {
                "path": "ojs/ojlabel"
            },
            "oj-button": {
                "path": "ojs/ojbutton"
            },
            "oj-input-text": {
                "path": "ojs/ojinputtext"
            }
        }
    }
}