{
 "pageModelVersion": "18.4.1",
 "title": "Create Expense Report",
 "description": "Creates new ExpenseReport",
 "variables": {
  "expenseReport": {
   "type": "page:createExpenseReportRequest",
            "defaultValue": {
                "exchangeRate": 1,
                "amount": 1
            }
  },
  "countryListSDP": {
			"type": "vb/ServiceDataProvider",
			"defaultValue": {
				"endpoint": "businessObjects/getall_Country",
				"idAttribute": "id",
				"itemsPath": "items",
				"responseType": "page:getallCountryResponse",
				"uriParameters": {}
			}
		}
 },
 "types": {
  "createExpenseReportRequest": {
   "name": "string",
   "startDate": "string",
   "endDate": "string",
   "country": "number",
   "description": "string",
   "justification": "string",
   "amount": "number",
            "exchangeRate": "number"
  },
  "@decorators.createExpenseReportRequest": {
			"endpoint": "create_ExpenseReport",
			"service": "businessObjects",
			"path": "request"
		},
  "businessObjectServiceErrorResponseType": {
			"body": {
				"status": "string",
				"title": "string",
				"o_errorDetails": [
					{
						"detail": "string",
						"o_errorCode": "string"
					}
				]
			},
			"status": "number"
		},
  "getallCountryResponse": {
			"items": [
				{
					"id": "number",
					"name": "string"
				}
			]
		},
  "@decorators.getallCountryResponse": {
			"endpoint": "getall_Country",
			"service": "businessObjects",
			"path": "response"
		}
 },
 "chains": {
		"goBackChain": {
			"root": "navigateBack",
			"actions": {
				"navigateBack": {
					"module": "vb/action/builtin/navigateBackAction",
					"outcomes": {
						"success": ""
					}
				}
			}
		},
		"createExpenseReportChain": {
			"root": "if1",
			"variables": {
				"saveFailureResult": {
					"type": "page:businessObjectServiceErrorResponseType"
				},
				"errorMessage": {
					"type": "string"
				}
			},
			"actions": {
				"createExpenseReport": {
					"module": "vb/action/builtin/restAction",
					"parameters": {
						"endpoint": "businessObjects/create_ExpenseReport",
						"body": "{{ $page.variables.expenseReport }}"
					},
					"outcomes": {
						"success": "fireSuccessNotification",
						"failure": "assignFailureResult"
					}
				},
				"fireSuccessNotification": {
					"module": "vb/action/builtin/fireNotificationEventAction",
					"parameters": {
						"message": "ExpenseReport record successfully created",
						"type": "confirmation",
						"displayMode": "transient"
					},
					"outcomes": {
						"success": "navigateBack"
					}
				},
				"navigateBack": {
					"module": "vb/action/builtin/navigateBackAction",
					"outcomes": {
						"success": ""
					}
				},
				"assignFailureResult": {
					"module": "vb/action/builtin/assignVariablesAction",
					"parameters": {
						"$chain.variables.saveFailureResult": {
							"source": "[[ $chain.results.createExpenseReport.payload ]]",
							"mapping": {
								"$target": "$source",
								"$target.body.o_errorDetails": {
									"source": "$source.body['o:errorDetails'] || []",
									"mapping": {
										"$target.o_errorCode": "$source['o:errorCode']",
										"$target.detail": "$source.detail"
									}
								}
							}
						}
					},
					"outcomes": {
						"success": "testFailureDetails"
					}
				},
				"testFailureDetails": {
					"module": "vb/action/builtin/ifAction",
					"outcomes": {
						"true": "handleDetailedErrorMessage",
						"false": "handleDefaultErrorMessage"
					},
					"parameters": {
						"condition": "[[ $chain.variables.saveFailureResult.body.o_errorDetails[0] ]]"
					}
				},
				"handleDetailedErrorMessage": {
					"module": "vb/action/builtin/assignVariablesAction",
					"outcomes": {
						"success": "fireErrorNotification"
					},
					"parameters": {
						"$chain.variables.errorMessage": {
							"source": "[[ $chain.variables.saveFailureResult.body.o_errorDetails[0].detail ]]"
						}
					}
				},
				"handleDefaultErrorMessage": {
					"module": "vb/action/builtin/assignVariablesAction",
					"outcomes": {
						"success": "fireErrorNotification"
					},
					"parameters": {
						"$chain.variables.errorMessage": {
							"source": "[[ 'Could not create new ExpenseReport: status ' + $chain.variables.saveFailureResult.status ]]"
						}
					}
				},
				"fireErrorNotification": {
					"module": "vb/action/builtin/fireNotificationEventAction",
					"parameters": {
						"message": "[[ $chain.variables.errorMessage ]]",
						"type": "error",
						"displayMode": "persist"
					},
					"outcomes": {}
				},
				"if1": {
					"module": "vb/action/builtin/ifAction",
					"parameters": {
						"condition": "{{ $application.functions.isFormValid(\"CreateForm\") }}"
					},
					"outcomes": {
						"true": "createExpenseReport"
					}
				}
			}
		}
	},
 "eventListeners": {
		"backButtonClicked": {
			"chains": [
				{
					"chainId": "goBackChain"
				}
			]
		},
		"saveButtonClicked": {
			"chains": [
				{
					"chainId": "createExpenseReportChain"
				}
			]
		}
	},
 "imports": {
		"components": {
			"oj-form-layout": {
				"path": "ojs/ojformlayout"
			},
			"oj-input-text": {
				"path": "ojs/ojinputtext"
			},
			"oj-input-number": {
				"path": "ojs/ojinputnumber"
			},
			"oj-select-one": {
				"path": "ojs/ojselectcombobox"
			},
			"oj-input-date": {
				"path": "ojs/ojdatetimepicker"
			},
			"oj-toolbar": {
				"path": "ojs/ojtoolbar"
			},
			"oj-button": {
				"path": "ojs/ojbutton"
			},
			"oj-label": {
				"path": "ojs/ojlabel"
			},
			"oj-text-area": {
				"path": "ojs/ojinputtext"
			},
			"oj-validation-group": {
				"path": "ojs/ojvalidationgroup"
			}
		}
	}
}