{
  "pageModelVersion": "18.2.3",
  "title": "My start page",
  "description": "The starting page of the flow",
  "variables": {
    "expenseReportListSDP": {
      "type": "vb/ServiceDataProvider",
      "defaultValue": {
        "endpoint": "businessObjects/getall_ExpenseReport",
        "idAttribute": "id",
        "itemsPath": "items",
        "responseType": "page:getallExpenseReportResponse",
        "filterCriterion": {
          "criteria": [
            {
              "attribute": "name",
              "op": "$co"
            }
          ]
        },
        "sortCriteria": [
          {
              "attribute": "{{ \"\" }}"
            }
        ]
      }
    },
    "oj_list_view_482825175_1SelectedId": {
      "type": "string",
      "defaultValue": ""
    }
  },
  "types": {
    "getallExpenseReportResponse": {
      "items": [
        {
          "id": "number",
          "name": "string",
          "startDate": "string",
          "endDate": "string",
          "amount": "number",
          "countryObject": {
            "items": [
              {
                "name": "string"
              }
            ]
          }
        }
      ]
    },
    "@decorators.getallExpenseReportResponse": {
      "endpoint": "getall_ExpenseReport",
      "service": "businessObjects",
      "path": "response"
    }
  },
  "chains": {
    "navigateToCreateExpenseReportChain": {
      "root": "navigateToCreate",
      "actions": {
        "navigateToCreate": {
          "module": "vb/action/builtin/navigateToPageAction",
          "parameters": {
            "history": "push",
            "page": "main-create-expense-report",
            "params": {}
          },
          "outcomes": {
            "success": ""
          }
        }
      }
    },
    "oj_list_view_482825175_1ChangeSelectionChain": {
      "variables": {
        "expenseReportId": {
          "type": "string",
          "input": "fromCaller",
          "defaultValue": ""
        }
      },
      "root": "assignVariable",
      "actions": {
        "assignVariable": {
          "module": "vb/action/builtin/assignVariablesAction",
          "parameters": {
            "$page.variables.oj_list_view_482825175_1SelectedId": {
              "source": "[[ $chain.variables.expenseReportId ]]"
            }
          },
          "outcomes": {
            "success": ""
          }
        }
      }
    },
    "navigateToEditExpenseReportChain": {
      "root": "navigateToEdit",
      "actions": {
        "navigateToEdit": {
          "module": "vb/action/builtin/navigateToPageAction",
          "parameters": {
            "history": "push",
            "page": "main-edit-expense-report",
            "params": {
              "expenseReportId": "[[ $page.variables.oj_list_view_482825175_1SelectedId ]]"
            }
          },
          "outcomes": {
            "success": ""
          }
        }
      }
    }
  },
  "eventListeners": {
    "createExpenseReportButtonClicked": {
      "chains": [
        {
          "chainId": "navigateToCreateExpenseReportChain"
        }
      ]
    },
    "oj_list_view_482825175_1SelectionChanged": {
      "chains": [
        {
          "chainId": "oj_list_view_482825175_1ChangeSelectionChain",
          "parameters": {
            "expenseReportId": "[[ $event.detail.value[0] || '' ]]"
          }
        }
      ]
    },
    "editExpenseReportButtonClicked": {
      "chains": [
        {
          "chainId": "navigateToEditExpenseReportChain"
        }
      ]
    }
  },
  "imports": {
    "components": {
      "oj-list-view": {
        "path": "ojs/ojlistview"
      },
      "oj-label": {
        "path": "ojs/ojlabel"
      },
      "oj-toolbar": {
        "path": "ojs/ojtoolbar"
      },
      "oj-button": {
        "path": "ojs/ojbutton"
      },
      "oj-input-date": {
        "path": "ojs/ojdatetimepicker"
      },
      "oj-input-text": {
        "path": "ojs/ojinputtext"
      },
      "oj-select-one": {
        "path": "ojs/ojselectcombobox"
      },
      "oj-option": {
        "path": "ojs/ojoption"
      }
    }
  }
}