id,creationDate,lastUpdateDate,createdBy,lastUpdatedBy,name,currency,code
1,2018-04-15T21:35:29,2018-04-15T21:35:29.063,david.konecny@oracle.com,david.konecny@oracle.com,United States,USD,US
2,2018-04-15T21:35:47,2018-04-15T21:35:47.003,david.konecny@oracle.com,david.konecny@oracle.com,Czech Republic,CZK,CZ
3,2018-04-15T21:35:56,2018-04-15T21:35:56.004,david.konecny@oracle.com,david.konecny@oracle.com,New Zealand,NZD,NZ
4,2018-04-15T21:36:22,2018-04-15T21:36:22.004,david.konecny@oracle.com,david.konecny@oracle.com,Italy,EUR,IT
