{
  "pageModelVersion": "18.2.3",
  "title": "Celebrity Detail",
  "description": "Displays record for Celebrity",
  "variables": {
    "celebrityRecord": {
      "type": "flow:getCelebrityResponse"
    },
    "celebrityId": {
      "type": "string",
      "required": true,
      "input": "fromUrl"
    }
  },
  "types": {},
  "chains": {
    "goBackChain": {
      "root": "navigateBack",
      "actions": {
        "navigateBack": {
          "module": "vb/action/builtin/navigateBackAction",
          "outcomes": {
            "success": ""
          }
        }
      }
    },
    "loadCelebrityChain": {
      "root": "loadCelebrity",
      "actions": {
        "loadCelebrity": {
          "module": "vb/action/builtin/restAction",
          "parameters": {
            "endpoint": "businessObjects/get_Celebrity",
            "uriParams": {
              "Celebrity_Id": "{{ $page.variables.celebrityId }}"
            },
            "responseType": "flow:getCelebrityResponse"
          },
          "outcomes": {
            "success": "assignPayload",
            "failure": "fireErrorNotification"
          }
        },
        "assignPayload": {
          "module": "vb/action/builtin/assignVariablesAction",
          "parameters": {
            "$page.variables.celebrityRecord": {
              "source": "{{ $chain.results.loadCelebrity.body }}"
            }
          },
          "outcomes": {}
        },
        "fireErrorNotification": {
          "module": "vb/action/builtin/fireNotificationEventAction",
          "parameters": {
            "message": "{{ 'Could not load data: status ' + $chain.results.loadCelebrity.payload.status }}",
            "type": "error",
            "displayMode": "persist"
          },
          "outcomes": {}
        }
      }
    }
  },
  "eventListeners": {
    "backButtonClicked": {
      "chains": [
        {
          "chainId": "goBackChain"
        }
      ]
    },
    "vbEnter": {
      "chains": [
        {
          "chainId": "loadCelebrityChain"
        }
      ]
    }
  },
  "imports": {
    "components": {
      "oj-ext-mobile-page-template": {
        "path": "vb/components/mobile-page-template/loader"
      },
      "oj-form-layout": {
        "path": "ojs/ojformlayout"
      },
      "oj-input-text": {
        "path": "ojs/ojinputtext"
      },
      "oj-button": {
        "path": "ojs/ojbutton"
      }
    }
  }
}