{
  "pageModelVersion": "18.2.3",
  "title": "My start page",
  "description": "The starting page of the flow",
  "variables": {
    "celebrityListServiceDataProvider": {
      "type": "vb/ServiceDataProvider",
      "defaultValue": {
        "endpoint": "businessObjects/getall_Celebrity",
        "idAttribute": "id",
        "itemsPath": "items",
        "responseType": "flow:getallCelebrityResponse"
      }
    }
  },
  "types": {},
  "chains": {
    "navigateToCelebrityDetailChain": {
      "root": "navigateToDetail",
      "variables": {
        "celebrityId": {
          "type": "string",
          "input": "fromCaller",
          "required": true
        }
      },
      "actions": {
        "navigateToDetail": {
          "module": "vb/action/builtin/navigateToPageAction",
          "parameters": {
            "history": "push",
            "page": "CelebrityDetail",
            "params": {
              "celebrityId": "[[ $chain.variables.celebrityId ]]"
            }
          },
          "outcomes": {
            "success": ""
          }
        }
      }
    }
  },
  "eventListeners": {
    "oj_list_view_531211696_1SelectionChanged": {
      "chains": [
        {
          "chainId": "navigateToCelebrityDetailChain",
          "parameters": {
            "celebrityId": "[[ $event.detail.value[0] || '' ]]"
          }
        }
      ]
    }
  },
  "imports": {
    "components": {
      "oj-ext-mobile-page-template": {
        "path": "vb/components/mobile-page-template/loader"
      },
      "oj-list-view": {
        "path": "ojs/ojlistview"
      },
      "oj-vb-list-item": {
        "path": "vb/components/list-item/loader"
      }
    }
  }
}