{
    "displayLabel": "Country",
    "fields": [
        {
            "displayLabel": "Id",
            "internal": true,
            "key": true,
            "name": "id",
            "oid": "ba7e4b05-b225-4017-bbe3-d9a053fd0b25",
            "required": true,
            "type": "number",
            "unique": true
        },
        {
            "displayLabel": "Created",
            "internal": true,
            "name": "creationDate",
            "oid": "327be044-1c7f-481e-af68-c2dd958b24fb",
            "type": "datetime"
        },
        {
            "displayLabel": "Last Updated",
            "internal": true,
            "name": "lastUpdateDate",
            "oid": "37ef6ac2-ca10-453d-98f5-306ea1a82bee",
            "type": "datetime"
        },
        {
            "displayLabel": "Created By",
            "internal": true,
            "name": "createdBy",
            "oid": "26d24e57-8a88-45a0-8833-62c0004b55dd",
            "type": "string"
        },
        {
            "displayLabel": "Last Updated By",
            "internal": true,
            "name": "lastUpdatedBy",
            "oid": "b2b07c83-e4fe-4d87-b826-20ae69fb7d51",
            "type": "string"
        },
        {
            "displayLabel": "<internal>",
            "hidden": true,
            "internal": true,
            "name": "abcsChangeNumber",
            "oid": "38889053-1d85-4ffe-8656-0f3fefc99db2",
            "type": "number"
        },
        {
            "displayLabel": "Name",
            "name": "name",
            "oid": "6d450170-a998-490c-bb2a-24b24e57102d",
            "type": "string"
        },
        {
            "displayLabel": "Currency",
            "name": "currency",
            "oid": "2b17e97d-9f71-41b1-858a-6b26cddd2365",
            "type": "string"
        },
        {
            "displayLabel": "Code",
            "name": "code",
            "oid": "7a7c198e-6024-44b5-819d-a769d29934eb",
            "type": "string"
        }
    ],
    "name": "Country",
    "oid": "20da3322-70aa-4ae0-b084-5bb867b6e6ba",
    "relationships": [
        {
            "displayField": "name",
            "exposeAccessor": false,
            "name": "expenseReportCollection",
            "reverseRelationship": "countryObject",
            "targetEntity": "ExpenseReport",
            "type": "incoming"
        }
    ]
}